id,X34_diff
0,0.0
1,0.0
2,0.0
3,0.0
4,0.0
5,0.0
6,0.0
7,0.0
8,0.0
9,0.0
10,0.0
11,0.0
12,0.0
13,0.0
14,0.0
15,0.0
16,0.0
17,0.0
18,0.0
19,0.0
20,0.0
21,0.0
22,0.0
23,0.0
24,0.0
25,0.0
26,0.0
27,0.0
28,0.0
29,0.0
30,0.0
31,0.0
32,0.0
33,0.01
34,0.019999999999999997
35,0.03
36,0.05
37,0.06999999999999999
38,0.09000000000000002
39,0.10999999999999999
40,0.13
41,0.15000000000000002
42,0.17999999999999994
43,0.20000000000000007
44,0.21999999999999997
45,0.24
46,0.27
47,0.29000000000000004
48,0.31999999999999984
49,0.3400000000000003
50,0.3599999999999999
51,0.3700000000000001
52,0.3999999999999999
53,0.4199999999999995
54,0.4400000000000004
55,0.45999999999999996
56,0.46999999999999975
57,0.4900000000000002
58,0.5099999999999998
59,0.5300000000000002
60,0.54
61,0.5599999999999996
62,0.5700000000000003
63,0.5800000000000001
64,0.5999999999999996
65,0.6100000000000012
66,0.6099999999999994
67,0.629999999999999
68,0.6300000000000008
69,0.6400000000000006
70,0.6499999999999986
71,0.6400000000000006
72,0.6500000000000004
73,0.6600000000000001
74,0.6500000000000004
75,0.6499999999999986
76,0.6099999999999994
77,0.6700000000000017
78,0.5500000000000007
79,0.5799999999999983
80,0.6400000000000006
81,0.6400000000000006
82,0.629999999999999
83,0.6099999999999994
84,0.6099999999999994
85,0.6000000000000014
86,0.5800000000000018
87,0.5699999999999967
88,0.5500000000000007
89,0.5400000000000027
90,0.5299999999999976
91,0.5
92,0.490000000000002
93,0.46999999999999886
94,0.4499999999999993
95,0.4299999999999997
96,0.41000000000000014
97,0.39000000000000057
98,0.35999999999999943
99,0.33999999999999986
100,0.3200000000000003
101,0.3000000000000007
102,0.2699999999999996
103,0.25
104,0.23000000000000043
105,0.1999999999999993
106,0.17999999999999972
107,0.16000000000000014
108,0.14000000000000057
109,0.10999999999999943
110,0.08999999999999986
111,0.07000000000000028
112,0.04999999999999716
113,0.04000000000000625
114,0.02999999999999403
115,0.010000000000005116
116,0.0
117,0.0
118,0.0
119,0.0
120,0.0
121,0.0
122,0.0
123,0.0
124,0.0
125,0.0
126,0.0
127,0.0
128,0.0
129,0.0
130,0.0
131,0.0
132,0.0
133,0.0
134,0.0
135,0.0
136,0.0
137,0.0
138,0.0
139,0.0
140,0.0
141,0.0
142,0.0
143,0.0
144,0.0
145,0.0
146,0.0
147,0.0
148,0.0
149,0.0
150,0.0
151,0.0
152,0.0
153,0.0
154,0.0
155,0.0
156,0.0
157,0.0
158,0.0
159,0.0
160,0.0
161,0.0
162,0.0
163,0.0
164,0.0
165,0.0
166,0.0
167,0.0
168,0.0
169,0.0
170,0.0
171,0.0
172,0.0
173,0.0
174,0.0
175,0.0
176,0.0
177,0.01
178,0.019999999999999997
179,0.03
180,0.05
181,0.06999999999999999
182,0.08000000000000002
183,0.10999999999999999
184,0.13
185,0.14
186,0.17999999999999994
187,0.19000000000000006
188,0.21999999999999997
189,0.24
190,0.27
191,0.28
192,0.31000000000000005
193,0.33000000000000007
194,0.34999999999999964
195,0.3700000000000001
196,0.3999999999999999
197,0.4100000000000006
198,0.4399999999999995
199,0.45999999999999996
200,0.46999999999999975
201,0.5
202,0.5100000000000007
203,0.5299999999999994
204,0.5500000000000007
205,0.5600000000000005
206,0.5699999999999985
207,0.5700000000000003
208,0.5999999999999996
209,0.6000000000000014
210,0.6099999999999994
211,0.6199999999999992
212,0.6300000000000008
213,0.6199999999999992
214,0.6300000000000008
215,0.6400000000000006
216,0.6399999999999988
217,0.6500000000000004
218,0.6400000000000006
219,0.6400000000000006
220,0.6499999999999986
221,0.6500000000000021
222,0.6199999999999974
223,0.6500000000000021
224,0.6199999999999974
225,0.620000000000001
226,0.6000000000000014
227,0.5999999999999979
228,0.6000000000000014
229,0.5899999999999999
230,0.5599999999999987
231,0.5600000000000023
232,0.5499999999999972
233,0.5300000000000011
234,0.5100000000000016
235,0.5
236,0.4800000000000004
237,0.4599999999999973
238,0.4400000000000013
239,0.41999999999999815
240,0.40000000000000213
241,0.379999999999999
242,0.35999999999999943
243,0.33999999999999986
244,0.3100000000000023
245,0.28999999999999915
246,0.2699999999999996
247,0.25
248,0.21999999999999886
249,0.20000000000000284
250,0.17999999999999972
251,0.14999999999999858
252,0.14000000000000057
253,0.10999999999999943
254,0.08000000000000185
255,0.05999999999999872
256,0.03999999999999915
257,0.030000000000001137
258,0.030000000000001137
259,0.00999999999999801
260,0.0
261,0.0
262,0.0
263,0.0
264,0.0
265,0.0
266,0.0
267,0.0
268,0.0
269,0.0
270,0.0
271,0.0
272,0.0
273,0.0
274,0.0
275,0.0
276,0.0
277,0.0
278,0.0
279,0.0
280,0.0
281,0.0
282,0.0
283,0.0
284,0.0
285,0.0
286,0.0
287,0.0
288,0.0
289,0.0
290,0.0
291,0.0
292,0.0
293,0.0
294,0.0
295,0.0
296,0.0
297,0.0
298,0.0
299,0.0
300,0.0
301,0.0
302,0.0
303,0.0
304,0.0
305,0.0
306,0.0
307,0.0
308,0.0
309,0.0
310,0.0
311,0.0
312,0.0
313,0.0
314,0.0
315,0.0
316,0.0
317,0.0
318,0.0
319,0.0
320,0.0
321,0.01
322,0.01
323,0.030000000000000002
324,0.039999999999999994
325,0.06
326,0.07
327,0.09
328,0.09999999999999998
329,0.14000000000000007
330,0.1499999999999999
331,0.18000000000000005
332,0.20000000000000007
333,0.21999999999999997
334,0.25
335,0.26
336,0.27
337,0.31999999999999984
338,0.33000000000000007
339,0.3599999999999999
340,0.3700000000000001
341,0.3999999999999999
342,0.4099999999999997
343,0.4400000000000004
344,0.4500000000000002
345,0.46999999999999975
346,0.4900000000000002
347,0.5099999999999998
348,0.5200000000000005
349,0.54
350,0.5499999999999998
351,0.5700000000000003
352,0.5700000000000003
353,0.5899999999999999
354,0.5999999999999996
355,0.6099999999999994
356,0.6099999999999994
357,0.6300000000000008
358,0.6099999999999994
359,0.6400000000000006
360,0.6300000000000008
361,0.6399999999999988
362,0.620000000000001
363,0.6300000000000008
364,0.6199999999999974
365,0.620000000000001
366,0.6400000000000006
367,0.620000000000001
368,0.6199999999999974
369,0.620000000000001
370,0.6099999999999994
371,0.6000000000000014
372,0.5899999999999999
373,0.5700000000000003
374,0.5599999999999987
375,0.5500000000000007
376,0.5399999999999991
377,0.5100000000000016
378,0.509999999999998
379,0.490000000000002
380,0.46999999999999886
381,0.46000000000000085
382,0.41999999999999815
383,0.4200000000000017
384,0.39000000000000057
385,0.379999999999999
386,0.35999999999999943
387,0.33999999999999986
388,0.3100000000000023
389,0.28999999999999915
390,0.259999999999998
391,0.240000000000002
392,0.21999999999999886
393,0.1999999999999993
394,0.1700000000000017
395,0.14999999999999858
396,0.13000000000000256
397,0.11999999999999744
398,0.08999999999999986
399,0.07000000000000028
400,0.05000000000000071
401,0.03999999999999915
402,0.030000000000001137
403,0.00999999999999801
404,0.0
405,0.0
406,0.0
407,0.0
408,0.0
409,0.0
410,0.0
411,0.0
412,0.0
413,0.0
414,0.0
415,0.0
416,0.0
417,0.0
418,0.0
419,0.0
420,0.0
421,0.0
422,0.0
423,0.0
424,0.0
425,0.0
426,0.0
427,0.0
428,0.0
429,0.0
430,0.0
431,0.0
432,0.0
433,0.0
434,0.0
435,0.0
436,0.0
437,0.0
438,0.0
439,0.0
440,0.0
441,0.0
442,0.0
443,0.0
444,0.0
445,0.0
446,0.0
447,0.0
448,0.0
449,0.0
450,0.0
451,0.0
452,0.0
453,0.0
454,0.0
455,0.0
456,0.0
457,0.0
458,0.0
459,0.0
460,0.0
461,0.0
462,0.0
463,0.0
464,0.0
465,0.01
466,0.019999999999999997
467,0.03
468,0.04000000000000001
469,0.04999999999999999
470,0.07
471,0.09
472,0.09999999999999998
473,0.11000000000000004
474,0.15000000000000002
475,0.1499999999999999
476,0.18000000000000005
477,0.20999999999999996
478,0.21999999999999997
479,0.24
480,0.27
481,0.29000000000000004
482,0.2999999999999998
483,0.33000000000000007
484,0.3500000000000001
485,0.3700000000000001
486,0.3900000000000001
487,0.4099999999999997
488,0.41999999999999993
489,0.4400000000000004
490,0.45999999999999996
491,0.46999999999999975
492,0.4900000000000002
493,0.5099999999999998
494,0.5300000000000002
495,0.5200000000000005
496,0.5599999999999987
497,0.5500000000000007
498,0.5600000000000005
499,0.5800000000000001
500,0.5899999999999999
501,0.5800000000000001
502,0.5999999999999996
503,0.5999999999999996
504,0.5999999999999996
505,0.5999999999999996
506,0.6100000000000012
507,0.5999999999999996
508,0.6099999999999994
509,0.5899999999999999
510,0.5899999999999999
511,0.6000000000000014
512,0.5899999999999999
513,0.5599999999999987
514,0.5800000000000018
515,0.5599999999999987
516,0.5500000000000007
517,0.5399999999999991
518,0.5300000000000011
519,0.5199999999999996
520,0.5
521,0.4800000000000004
522,0.46999999999999886
523,0.46000000000000085
524,0.4400000000000013
525,0.41999999999999815
526,0.3999999999999986
527,0.38000000000000256
528,0.36999999999999744
529,0.33999999999999986
530,0.33000000000000185
531,0.3000000000000007
532,0.2799999999999976
533,0.26000000000000156
534,0.23000000000000043
535,0.21999999999999886
536,0.19000000000000128
537,0.16999999999999815
538,0.14000000000000057
539,0.129999999999999
540,0.11000000000000298
541,0.08999999999999986
542,0.07000000000000028
543,0.04999999999999716
544,0.0400000000000027
545,0.019999999999999574
546,0.00999999999999801
547,0.010000000000001563
548,0.0
549,0.0
550,0.0
551,0.0
552,0.0
553,0.0
554,0.0
555,0.0
556,0.0
557,0.0
558,0.0
559,0.0
560,0.0
561,0.0
562,0.0
563,0.0
564,0.0
565,0.0
566,0.0
567,0.0
568,0.0
569,0.0
570,0.0
571,0.0
572,0.0
573,0.0
574,0.0
575,0.0
576,0.0
577,0.0
578,0.0
579,0.0
580,0.0
581,0.0
582,0.0
583,0.0
584,0.0
585,0.0
586,0.0
587,0.0
588,0.0
589,0.0
590,0.0
591,0.0
592,0.0
593,0.0
594,0.0
595,0.0
596,0.0
597,0.0
598,0.0
599,0.0
600,0.0
601,0.0
602,0.0
603,0.0
604,0.0
605,0.0
606,0.0
607,0.0
608,0.0
609,0.01
610,0.019999999999999997
611,0.03
612,0.04000000000000001
613,0.07
614,0.07999999999999999
615,0.12
616,0.13
617,0.14
618,0.12
619,0.12
620,0.13
621,0.1299999999999999
622,0.16000000000000014
623,0.16999999999999993
624,0.17999999999999994
625,0.19000000000000017
626,0.24999999999999978
627,0.27
628,0.27
629,0.29000000000000004
630,0.28000000000000025
631,0.2999999999999998
632,0.31999999999999984
633,0.2799999999999998
634,0.3200000000000003
635,0.3100000000000005
636,0.3099999999999996
637,0.33000000000000007
638,0.3600000000000003
639,0.3699999999999992
640,0.4400000000000004
641,0.5199999999999996
642,0.54
643,0.5800000000000001
644,0.5
645,0.5
646,0.5800000000000001
647,0.5
648,0.5400000000000009
649,0.4399999999999995
650,0.5999999999999996
651,0.5800000000000001
652,0.5299999999999994
653,0.5700000000000003
654,0.6300000000000008
655,0.6099999999999994
656,0.620000000000001
657,0.5999999999999996
658,0.6099999999999994
659,0.5899999999999999
660,0.5599999999999987
661,0.45000000000000284
662,0.389999999999997
663,0.3400000000000034
664,0.31999999999999673
665,0.2700000000000031
666,0.2699999999999996
667,0.259999999999998
668,0.22000000000000242
669,0.23999999999999844
670,0.33999999999999986
671,0.3999999999999986
672,0.360000000000003
673,0.3099999999999987
674,0.3000000000000007
675,0.35999999999999943
676,0.3299999999999983
677,0.23000000000000043
678,0.22000000000000242
679,0.129999999999999
680,0.08999999999999986
681,0.08999999999999986
682,0.08999999999999986
683,0.08999999999999986
684,0.08000000000000185
685,0.06999999999999673
686,0.060000000000002274
687,0.05999999999999872
688,0.03999999999999915
689,0.030000000000001137
690,0.010000000000001563
691,0.00999999999999801
692,0.0
693,0.0
694,0.0
695,0.0
696,0.0
697,0.0
698,0.0
699,0.0
700,0.0
701,0.0
702,0.0
703,0.0
704,0.0
705,0.0
706,0.0
707,0.0
708,0.0
709,0.0
710,0.0
711,0.0
712,0.0
713,0.0
714,0.0
715,0.0
716,0.0
717,0.0
718,0.0
719,0.0
720,0.0
721,0.0
722,0.0
723,0.0
724,0.0
725,0.0
726,0.0
727,0.0
728,0.0
729,0.0
730,0.0
731,0.0
732,0.0
733,0.0
734,0.0
735,0.0
736,0.0
737,0.0
738,0.0
739,0.0
740,0.0
741,0.0
742,0.0
743,0.0
744,0.0
745,0.0
746,0.0
747,0.0
748,0.0
749,0.0
750,0.0
751,0.0
752,0.0
753,0.01
754,0.019999999999999997
755,0.04000000000000001
756,0.06
757,0.04999999999999999
758,0.05000000000000002
759,0.06999999999999998
760,0.13
761,0.13999999999999996
762,0.15000000000000002
763,0.19000000000000006
764,0.19000000000000006
765,0.22999999999999998
766,0.25
767,0.25
768,0.2599999999999998
769,0.33000000000000007
770,0.26000000000000023
771,0.36999999999999966
772,0.38000000000000034
773,0.4099999999999997
774,0.39000000000000057
775,0.4399999999999995
776,0.46999999999999975
777,0.4800000000000004
778,0.4900000000000002
779,0.5199999999999996
780,0.5300000000000002
781,0.54
782,0.5499999999999998
783,0.5600000000000005
784,0.5700000000000003
785,0.5899999999999999
786,0.5999999999999996
787,0.6099999999999994
788,0.6099999999999994
789,0.620000000000001
790,0.6199999999999992
791,0.6400000000000006
792,0.6500000000000004
793,0.6500000000000004
794,0.6399999999999988
795,0.6400000000000006
796,0.620000000000001
797,0.6400000000000006
798,0.629999999999999
799,0.6400000000000006
800,0.6499999999999986
801,0.6400000000000006
802,0.629999999999999
803,0.6099999999999994
804,0.5800000000000018
805,0.5899999999999999
806,0.5399999999999991
807,0.5300000000000011
808,0.5399999999999991
809,0.48999999999999844
810,0.490000000000002
811,0.509999999999998
812,0.4800000000000004
813,0.4400000000000013
814,0.39000000000000057
815,0.34999999999999787
816,0.2900000000000027
817,0.21999999999999886
818,0.23000000000000043
819,0.1999999999999993
820,0.17999999999999972
821,0.19000000000000128
822,0.16000000000000014
823,0.14999999999999858
824,0.14000000000000057
825,0.129999999999999
826,0.10999999999999943
827,0.08999999999999986
828,0.07000000000000028
829,0.060000000000002274
830,0.03999999999999915
831,0.03999999999999915
832,0.030000000000001137
833,0.00999999999999801
834,0.020000000000003126
835,0.00999999999999801
836,0.0
837,0.0
838,0.0
839,0.0
840,0.0
841,0.0
842,0.0
843,0.0
844,0.0
845,0.0
846,0.0
847,0.0
848,0.0
849,0.0
850,0.0
851,0.0
852,0.0
853,0.0
854,0.0
855,0.0
856,0.0
857,0.0
858,0.0
859,0.0
860,0.0
861,0.0
862,0.0
863,0.0
864,0.0
865,0.0
866,0.0
867,0.0
868,0.0
869,0.0
870,0.0
871,0.0
872,0.0
873,0.0
874,0.0
875,0.0
876,0.0
877,0.0
878,0.0
879,0.0
880,0.0
881,0.0
882,0.0
883,0.0
884,0.0
885,0.0
886,0.0
887,0.0
888,0.0
889,0.0
890,0.0
891,0.0
892,0.0
893,0.0
894,0.0
895,0.0
896,0.0
897,0.0
898,0.0
899,0.0
900,0.0
901,0.0
902,0.01
903,0.019999999999999997
904,0.010000000000000002
905,0.010000000000000002
906,0.020000000000000004
907,0.01999999999999999
908,0.020000000000000004
909,0.009999999999999995
910,0.020000000000000018
911,0.01999999999999999
912,0.03
913,0.04999999999999999
914,0.04999999999999999
915,0.040000000000000036
916,0.02999999999999997
917,0.030000000000000027
918,0.04999999999999999
919,0.06
920,0.06999999999999995
921,0.06000000000000005
922,0.06999999999999995
923,0.08000000000000007
924,0.04999999999999993
925,0.07000000000000006
926,0.07999999999999996
927,0.06000000000000005
928,0.08000000000000007
929,0.1299999999999999
930,0.1100000000000001
931,0.09999999999999987
932,0.08000000000000007
933,0.06000000000000005
934,0.05999999999999983
935,0.050000000000000044
936,0.07000000000000006
937,0.07000000000000006
938,0.06999999999999984
939,0.07000000000000006
940,0.09000000000000008
941,0.1299999999999999
942,0.1200000000000001
943,0.21999999999999975
944,0.11000000000000032
945,0.09999999999999964
946,0.0900000000000003
947,0.1599999999999997
948,0.16000000000000014
949,0.20000000000000018
950,0.19999999999999973
951,0.10000000000000009
952,0.08000000000000007
953,0.06000000000000005
954,0.029999999999999805
955,0.020000000000000018
956,0.010000000000000231
957,0.029999999999999805
958,0.03000000000000025
959,0.020000000000000018
960,0.020000000000000018
961,0.009999999999999787
962,0.010000000000000231
963,0.009999999999999787
964,0.009999999999999787
965,0.0
966,0.0
967,0.009999999999999787
968,0.010000000000000675
969,0.019999999999999574
970,0.009999999999999787
971,0.010000000000000675
972,0.019999999999999574
973,0.009999999999999787
974,0.010000000000000675
975,0.009999999999999787
976,0.0
977,0.0
978,0.0
979,0.0
980,0.0
981,0.0
982,0.0
983,0.0
984,0.0
985,0.0
986,0.0
987,0.0
988,0.0
989,0.0
990,0.0
991,0.0
992,0.0
993,0.0
994,0.0
995,0.0
996,0.0
997,0.0
998,0.0
999,0.0
1000,0.0
1001,0.0
1002,0.0
1003,0.0
1004,0.0
1005,0.0
1006,0.0
1007,0.0
1008,0.0
1009,0.0
1010,0.0
1011,0.0
1012,0.0
1013,0.0
1014,0.0
1015,0.0
1016,0.0
1017,0.0
1018,0.0
1019,0.0
1020,0.0
1021,0.0
1022,0.0
1023,0.0
1024,0.0
1025,0.0
1026,0.0
1027,0.0
1028,0.0
1029,0.0
1030,0.0
1031,0.0
1032,0.0
1033,0.0
1034,0.0
1035,0.0
1036,0.0
1037,0.0
1038,0.0
1039,0.0
1040,0.0
1041,0.01
1042,0.019999999999999997
1043,0.03
1044,0.03
1045,0.05000000000000002
1046,0.06
1047,0.07
1048,0.06
1049,0.08999999999999997
1050,0.08000000000000002
1051,0.09999999999999998
1052,0.09999999999999998
1053,0.1100000000000001
1054,0.16999999999999993
1055,0.15999999999999992
1056,0.30000000000000004
1057,0.26
1058,0.32999999999999985
1059,0.1900000000000004
1060,0.23999999999999977
1061,0.2400000000000002
1062,0.27
1063,0.25
1064,0.2899999999999996
1065,0.3500000000000001
1066,0.37000000000000055
1067,0.3899999999999997
1068,0.3799999999999999
1069,0.34999999999999964
1070,0.34000000000000075
1071,0.2999999999999998
1072,0.29000000000000004
1073,0.3199999999999994
1074,0.40000000000000036
1075,0.3700000000000001
1076,0.3700000000000001
1077,0.4599999999999991
1078,0.40000000000000036
1079,0.47000000000000064
1080,0.5299999999999994
1081,0.5199999999999996
1082,0.40000000000000036
1083,0.41999999999999993
1084,0.47000000000000064
1085,0.39000000000000057
1086,0.34999999999999964
1087,0.46999999999999886
1088,0.47000000000000064
1089,0.40000000000000036
1090,0.28999999999999915
1091,0.28000000000000114
1092,0.4299999999999997
1093,0.5899999999999999
1094,0.5899999999999999
1095,0.5800000000000001
1096,0.5599999999999987
1097,0.5600000000000023
1098,0.5
1099,0.3099999999999987
1100,0.240000000000002
1101,0.31999999999999673
1102,0.38000000000000256
1103,0.33999999999999986
1104,0.34999999999999787
1105,0.3000000000000007
1106,0.379999999999999
1107,0.360000000000003
1108,0.33999999999999986
1109,0.3099999999999987
1110,0.28000000000000114
1111,0.259999999999998
1112,0.240000000000002
1113,0.2099999999999973
1114,0.19000000000000128
1115,0.16000000000000014
1116,0.14999999999999858
1117,0.13000000000000256
1118,0.10999999999999943
1119,0.08999999999999986
1120,0.05999999999999872
1121,0.05000000000000071
1122,0.03999999999999915
1123,0.019999999999999574
1124,0.010000000000001563
1125,0.0
1126,0.0
1127,0.0
1128,0.0
1129,0.0
1130,0.0
1131,0.0
1132,0.0
1133,0.0
1134,0.0
1135,0.0
1136,0.0
1137,0.0
1138,0.0
1139,0.0
1140,0.0
1141,0.0
1142,0.0
1143,0.0
1144,0.0
1145,0.0
1146,0.0
1147,0.0
1148,0.0
1149,0.0
1150,0.0
1151,0.0
1152,0.0
1153,0.0
1154,0.0
1155,0.0
1156,0.0
1157,0.0
1158,0.0
1159,0.0
1160,0.0
1161,0.0
1162,0.0
1163,0.0
1164,0.0
1165,0.0
1166,0.0
1167,0.0
1168,0.0
1169,0.0
1170,0.0
1171,0.0
1172,0.0
1173,0.0
1174,0.0
1175,0.0
1176,0.0
1177,0.0
1178,0.0
1179,0.0
1180,0.0
1181,0.0
1182,0.0
1183,0.0
1184,0.0
1185,0.02
1186,0.02
1187,0.04
1188,0.05
1189,0.06
1190,0.08000000000000002
1191,0.09999999999999998
1192,0.12
1193,0.14
1194,0.15000000000000002
1195,0.17999999999999994
1196,0.19999999999999996
1197,0.21999999999999997
1198,0.25
1199,0.27
1200,0.29000000000000004
1201,0.31999999999999984
1202,0.33000000000000007
1203,0.3600000000000003
1204,0.3799999999999999
1205,0.3999999999999999
1206,0.4099999999999997
1207,0.4400000000000004
1208,0.45999999999999996
1209,0.46999999999999975
1210,0.4900000000000002
1211,0.5099999999999998
1212,0.548
1213,0.548
1214,0.548
1215,0.548
1216,0.548
1217,0.5899999999999999
1218,0.6199999999999999
1219,0.6199999999999999
1220,0.6199999999999999
1221,0.6199999999999999
1222,0.6199999999999999
1223,0.6400000000000006
1224,0.6466666666666665
1225,0.6466666666666665
1226,0.6466666666666665
1227,0.6400000000000006
1228,0.6499999999999986
1229,0.6400000000000006
1230,0.6500000000000021
1231,0.639999999999997
1232,0.6300000000000026
1233,0.629999999999999
1234,0.6099999999999994
1235,0.6099999999999994
1236,0.5899999999999999
1237,0.5800000000000018
1238,0.5599999999999987
1239,0.5500000000000007
1240,0.5399999999999991
1241,0.5199999999999996
1242,0.5100000000000016
1243,0.5
1244,0.46000000000000085
1245,0.4599999999999973
1246,0.4400000000000013
1247,0.4200000000000017
1248,0.41000000000000014
1249,0.379999999999999
1250,0.370000000000001
1251,0.34999999999999787
1252,0.33000000000000185
1253,0.3200000000000003
1254,0.28999999999999915
1255,0.259999999999998
1256,0.240000000000002
1257,0.21999999999999886
1258,0.21000000000000085
1259,0.17999999999999972
1260,0.129999999999999
1261,0.14000000000000057
1262,0.10999999999999943
1263,0.08999999999999986
1264,0.07000000000000028
1265,0.05000000000000071
1266,0.030000000000001137
1267,0.019999999999999574
1268,0.00999999999999801
1269,0.0
1270,0.0
1271,0.0
1272,0.0
1273,0.0
1274,0.0
1275,0.0
1276,0.0
1277,0.0
1278,0.0
1279,0.0
1280,0.0
1281,0.0
1282,0.0
1283,0.0
1284,0.0
1285,0.0
1286,0.0
1287,0.0
1288,0.0
1289,0.0
1290,0.0
1291,0.0
1292,0.0
1293,0.0
1294,0.0
1295,0.0
1296,0.0
1297,0.0
1298,0.0
1299,0.0
1300,0.0
1301,0.0
1302,0.0
1303,0.0
1304,0.0
1305,0.0
1306,0.0
1307,0.0
1308,0.0
1309,0.0
1310,0.0
1311,0.0
1312,0.0
1313,0.0
1314,0.0
1315,0.0
1316,0.0
1317,0.0
1318,0.0
1319,0.0
1320,0.0
1321,0.0
1322,0.0
1323,0.0
1324,0.0
1325,0.0
1326,0.0
1327,0.0
1328,0.0
1329,0.01
1330,0.01
1331,0.030000000000000002
1332,0.06
1333,0.09999999999999999
1334,0.1
1335,0.07
1336,0.08999999999999997
1337,0.09999999999999998
1338,0.10000000000000009
1339,0.10999999999999999
1340,0.19999999999999996
1341,0.1499999999999999
1342,0.20000000000000018
1343,0.22999999999999998
1344,0.22999999999999998
1345,0.2599999999999998
1346,0.31000000000000005
1347,0.38000000000000034
1348,0.3999999999999999
1349,0.3599999999999999
1350,0.3599999999999999
1351,0.43000000000000016
1352,0.41999999999999993
1353,0.4299999999999997
1354,0.45999999999999996
1355,0.4900000000000002
1356,0.54
1357,0.5300000000000002
1358,0.4900000000000002
1359,0.5199999999999996
1360,0.5500000000000007
1361,0.5499999999999989
1362,0.5700000000000003
1363,0.6099999999999994
1364,0.6600000000000001
1365,0.5200000000000014
1366,0.3099999999999987
1367,0.40000000000000036
1368,0.41000000000000014
1369,0.5299999999999994
1370,0.6800000000000015
1371,0.5699999999999985
1372,0.7200000000000006
1373,0.7200000000000006
1374,0.6799999999999979
1375,0.490000000000002
1376,0.5300000000000011
1377,0.41999999999999815
1378,0.35999999999999943
1379,0.35999999999999943
1380,0.25
1381,0.2699999999999996
1382,0.21000000000000085
1383,0.19000000000000128
1384,0.1999999999999993
1385,0.240000000000002
1386,0.22999999999999687
1387,0.21000000000000085
1388,0.15000000000000213
1389,0.17999999999999972
1390,0.23000000000000043
1391,0.17999999999999972
1392,0.14999999999999858
1393,0.120000000000001
1394,0.0799999999999983
1395,0.08999999999999986
1396,0.08000000000000185
1397,0.05999999999999872
1398,0.05000000000000071
1399,0.05000000000000071
1400,0.07000000000000028
1401,0.03999999999999915
1402,0.05000000000000071
1403,0.029999999999997584
1404,0.030000000000001137
1405,0.030000000000001137
1406,0.019999999999999574
1407,0.00999999999999801
1408,0.019999999999999574
1409,0.010000000000001563
1410,0.010000000000001563
1411,0.0
1412,0.0
1413,0.0
1414,0.0
1415,0.0
1416,0.0
1417,0.0
1418,0.0
1419,0.0
1420,0.0
1421,0.0
1422,0.0
1423,0.0
1424,0.0
1425,0.0
1426,0.0
1427,0.0
1428,0.0
1429,0.0
1430,0.0
1431,0.0
1432,0.0
1433,0.0
1434,0.0
1435,0.0
1436,0.0
1437,0.0
1438,0.0
1439,0.0
1440,0.0
1441,0.0
1442,0.0
1443,0.0
1444,0.0
1445,0.0
1446,0.0
1447,0.0
1448,0.0
1449,0.0
1450,0.0
1451,0.0
1452,0.0
1453,0.0
1454,0.0
1455,0.0
1456,0.0
1457,0.0
1458,0.0
1459,0.0
1460,0.0
1461,0.0
1462,0.0
1463,0.0
1464,0.0
1465,0.0
1466,0.0
1467,0.0
1468,0.0
1469,0.0
1470,0.0
1471,0.0
1472,0.0
1473,0.0
1474,0.0
1475,0.0
1476,0.01
1477,0.0
1478,0.01
1479,0.009999999999999998
1480,0.03
1481,0.04000000000000001
1482,0.04000000000000001
1483,0.06999999999999998
1484,0.11000000000000001
1485,0.15999999999999998
1486,0.19000000000000006
1487,0.22999999999999998
1488,0.2599999999999999
1489,0.28
1490,0.28
1491,0.30999999999999983
1492,0.3700000000000001
1493,0.41000000000000014
1494,0.41999999999999993
1495,0.4500000000000002
1496,0.29000000000000004
1497,0.3900000000000001
1498,0.34999999999999964
1499,0.54
1500,0.4299999999999997
1501,0.4500000000000002
1502,0.25
1503,0.46999999999999975
1504,0.5100000000000007
1505,0.45999999999999996
1506,0.4599999999999991
1507,0.5200000000000014
1508,0.48999999999999844
1509,0.6000000000000014
1510,0.4299999999999997
1511,0.5099999999999998
1512,0.6699999999999999
1513,0.33000000000000007
1514,0.2599999999999998
1515,0.2599999999999998
1516,0.39000000000000057
1517,0.41999999999999993
1518,0.40000000000000036
1519,0.25
1520,0.41999999999999993
1521,0.5399999999999991
1522,0.5800000000000001
1523,0.5899999999999999
1524,0.3100000000000005
1525,0.28999999999999915
1526,0.5800000000000018
1527,0.28999999999999915
1528,0.35999999999999943
1529,0.33000000000000185
1530,0.35999999999999943
1531,0.48999999999999844
1532,0.490000000000002
1533,0.4599999999999973
1534,0.38000000000000256
1535,0.16999999999999815
1536,0.3200000000000003
1537,0.33999999999999986
1538,0.35999999999999943
1539,0.41000000000000014
1540,0.370000000000001
1541,0.3299999999999983
1542,0.2900000000000027
1543,0.2799999999999976
1544,0.25
1545,0.22000000000000242
1546,0.18999999999999773
1547,0.1700000000000017
1548,0.14999999999999858
1549,0.120000000000001
1550,0.10999999999999943
1551,0.08000000000000185
1552,0.05999999999999872
1553,0.05000000000000071
1554,0.03999999999999915
1555,0.019999999999999574
1556,0.010000000000001563
1557,0.0
1558,0.0
1559,0.0
1560,0.0
1561,0.0
1562,0.0
1563,0.0
1564,0.0
1565,0.0
1566,0.0
1567,0.0
1568,0.0
1569,0.0
1570,0.0
1571,0.0
1572,0.0
1573,0.0
1574,0.0
1575,0.0
1576,0.0
1577,0.0
1578,0.0
1579,0.0
1580,0.0
1581,0.0
1582,0.0
1583,0.0
1584,0.0
1585,0.0
1586,0.0
1587,0.0
1588,0.0
1589,0.0
1590,0.0
1591,0.0
1592,0.0
1593,0.0
1594,0.0
1595,0.0
1596,0.0
1597,0.0
1598,0.0
1599,0.0
1600,0.0
1601,0.0
1602,0.0
1603,0.0
1604,0.0
1605,0.0
1606,0.0
1607,0.0
1608,0.0
1609,0.0
1610,0.0
1611,0.0
1612,0.0
1613,0.0
1614,0.0
1615,0.0
1616,0.01
1617,0.019999999999999997
1618,0.03
1619,0.03
1620,0.05000000000000002
1621,0.06999999999999998
1622,0.09
1623,0.09000000000000002
1624,0.13
1625,0.14
1626,0.14
1627,0.15999999999999992
1628,0.16000000000000014
1629,0.17999999999999994
1630,0.22999999999999998
1631,0.25
1632,0.24999999999999978
1633,0.26000000000000023
1634,0.2999999999999998
1635,0.30000000000000027
1636,0.31000000000000005
1637,0.33999999999999986
1638,0.3500000000000001
1639,0.3400000000000003
1640,0.3699999999999992
1641,0.41000000000000014
1642,0.41000000000000014
1643,0.41999999999999993
1644,0.39000000000000057
1645,0.3899999999999997
1646,0.41999999999999993
1647,0.41000000000000014
1648,0.4500000000000002
1649,0.5499999999999989
1650,0.5899999999999999
1651,0.4800000000000004
1652,0.5
1653,0.45000000000000107
1654,0.4399999999999995
1655,0.39000000000000057
1656,0.3999999999999986
1657,0.41999999999999993
1658,0.5200000000000014
1659,0.41000000000000014
1660,0.4299999999999997
1661,0.3899999999999988
1662,0.3500000000000014
1663,0.25
1664,0.3199999999999985
1665,0.3200000000000003
1666,0.33999999999999986
1667,0.3100000000000005
1668,0.3199999999999985
1669,0.360000000000003
1670,0.41000000000000014
1671,0.4299999999999997
1672,0.41000000000000014
1673,0.41000000000000014
1674,0.3099999999999987
1675,0.28999999999999915
1676,0.28000000000000114
1677,0.259999999999998
1678,0.26000000000000156
1679,0.23000000000000043
1680,0.21999999999999886
1681,0.23000000000000043
1682,0.23000000000000043
1683,0.26000000000000156
1684,0.259999999999998
1685,0.1700000000000017
1686,0.11999999999999744
1687,0.10999999999999943
1688,0.10000000000000142
1689,0.08999999999999986
1690,0.14000000000000057
1691,0.16000000000000014
1692,0.129999999999999
1693,0.15000000000000213
1694,0.11999999999999744
1695,0.08000000000000185
1696,0.0799999999999983
1697,0.05000000000000071
1698,0.030000000000001137
1699,0.019999999999999574
1700,0.019999999999999574
1701,0.0
1702,0.0
1703,0.0
1704,0.0
1705,0.0
1706,0.0
1707,0.0
1708,0.0
1709,0.0
1710,0.0
1711,0.0
1712,0.0
1713,0.0
1714,0.0
1715,0.0
1716,0.0
1717,0.0
1718,0.0
1719,0.0
1720,0.0
1721,0.0
1722,0.0
1723,0.0
1724,0.0
1725,0.0
1726,0.0
1727,0.0
1728,0.0
1729,0.0
1730,0.0
1731,0.0
1732,0.0
1733,0.0
1734,0.0
1735,0.0
1736,0.0
1737,0.0
1738,0.0
1739,0.0
1740,0.0
1741,0.0
1742,0.0
1743,0.0
1744,0.0
1745,0.0
1746,0.0
1747,0.0
1748,0.0
1749,0.0
1750,0.0
1751,0.0
1752,0.0
1753,0.0
1754,0.0
1755,0.0
1756,0.0
1757,0.0
1758,0.0
1759,0.0
1760,0.0
1761,0.01
1762,0.019999999999999997
1763,0.03
1764,0.05
1765,0.06000000000000001
1766,0.07999999999999999
1767,0.09999999999999998
1768,0.12
1769,0.14
1770,0.17000000000000004
1771,0.19999999999999996
1772,0.17999999999999994
1773,0.19000000000000017
1774,0.21999999999999997
1775,0.22999999999999998
1776,0.2699999999999998
1777,0.28000000000000025
1778,0.3500000000000001
1779,0.36999999999999966
1780,0.33000000000000007
1781,0.3700000000000001
1782,0.3999999999999999
1783,0.4500000000000002
1784,0.4299999999999997
1785,0.3799999999999999
1786,0.4300000000000006
1787,0.5099999999999998
1788,0.4299999999999997
1789,0.3700000000000001
1790,0.3600000000000003
1791,0.4399999999999995
1792,0.45999999999999996
1793,0.5600000000000005
1794,0.5399999999999991
1795,0.6100000000000012
1796,0.629999999999999
1797,0.6300000000000008
1798,0.6600000000000001
1799,0.5599999999999987
1800,0.5700000000000003
1801,0.6400000000000006
1802,0.6400000000000006
1803,0.6399999999999988
1804,0.6600000000000001
1805,0.6500000000000021
1806,0.5799999999999983
1807,0.6400000000000006
1808,0.620000000000001
1809,0.5799999999999983
1810,0.6000000000000014
1811,0.5999999999999979
1812,0.5800000000000018
1813,0.5599999999999987
1814,0.5599999999999987
1815,0.5300000000000011
1816,0.5100000000000016
1817,0.5
1818,0.4800000000000004
1819,0.46999999999999886
1820,0.4499999999999993
1821,0.4299999999999997
1822,0.41000000000000014
1823,0.39000000000000057
1824,0.370000000000001
1825,0.34999999999999787
1826,0.33000000000000185
1827,0.3099999999999987
1828,0.28999999999999915
1829,0.2699999999999996
1830,0.25
1831,0.22000000000000242
1832,0.21000000000000085
1833,0.18999999999999773
1834,0.1700000000000017
1835,0.14000000000000057
1836,0.129999999999999
1837,0.10999999999999943
1838,0.0799999999999983
1839,0.07000000000000028
1840,0.060000000000002274
1841,0.03999999999999915
1842,0.019999999999999574
1843,0.019999999999999574
1844,0.0
1845,0.0
1846,0.0
1847,0.0
1848,0.0
1849,0.0
1850,0.0
1851,0.0
1852,0.0
1853,0.0
1854,0.0
1855,0.0
1856,0.0
1857,0.0
1858,0.0
1859,0.0
1860,0.0
1861,0.0
1862,0.0
1863,0.0
1864,0.0
1865,0.0
1866,0.0
1867,0.0
1868,0.0
1869,0.0
1870,0.0
1871,0.0
1872,0.0
1873,0.0
1874,0.0
1875,0.0
1876,0.0
1877,0.0
1878,0.0
1879,0.0
1880,0.0
1881,0.0
1882,0.0
1883,0.0
1884,0.0
1885,0.0
1886,0.0
1887,0.0
1888,0.0
1889,0.0
1890,0.0
1891,0.0
1892,0.0
1893,0.0
1894,0.0
1895,0.0
1896,0.0
1897,0.0
1898,0.0
1899,0.0
1900,0.0
1901,0.0
1902,0.0
1903,0.0
1904,0.0
1905,0.02
1906,0.02
1907,0.030000000000000006
1908,0.039999999999999994
1909,0.06000000000000001
1910,0.06999999999999998
1911,0.09000000000000002
1912,0.09999999999999998
1913,0.13000000000000006
1914,0.1399999999999999
1915,0.16000000000000003
1916,0.18000000000000005
1917,0.21999999999999997
1918,0.21999999999999997
1919,0.25
1920,0.26
1921,0.2899999999999998
1922,0.31000000000000005
1923,0.3200000000000003
1924,0.34999999999999964
1925,0.3700000000000001
1926,0.395
1927,0.395
1928,0.4299999999999997
1929,0.4400000000000004
1930,0.46999999999999975
1931,0.4800000000000004
1932,0.5
1933,0.5099999999999998
1934,0.5300000000000002
1935,0.54
1936,0.5499999999999989
1937,0.5600000000000005
1938,0.5800000000000001
1939,0.5800000000000001
1940,0.5899999999999999
1941,0.5899999999999999
1942,0.5999999999999996
1943,0.6100000000000012
1944,0.6099999999999994
1945,0.6099999999999994
1946,0.6100000000000012
1947,0.6099999999999994
1948,0.6199999999999992
1949,0.6000000000000014
1950,0.5999999999999979
1951,0.6000000000000014
1952,0.5899999999999999
1953,0.5899999999999999
1954,0.5899999999999999
1955,0.5800000000000018
1956,0.5599999999999987
1957,0.5599999999999987
1958,0.5400000000000027
1959,0.5199999999999996
1960,0.509999999999998
1961,0.490000000000002
1962,0.4800000000000004
1963,0.4599999999999973
1964,0.45000000000000284
1965,0.4399999999999977
1966,0.41000000000000014
1967,0.40000000000000213
1968,0.379999999999999
1969,0.34999999999999787
1970,0.33999999999999986
1971,0.3200000000000003
1972,0.2900000000000027
1973,0.2699999999999996
1974,0.25
1975,0.23000000000000043
1976,0.2099999999999973
1977,0.19000000000000128
1978,0.16000000000000014
1979,0.14000000000000057
1980,0.120000000000001
1981,0.09999999999999787
1982,0.08999999999999986
1983,0.060000000000002274
1984,0.05999999999999872
1985,0.030000000000001137
1986,0.029999999999997584
1987,0.019999999999999574
1988,0.0
1989,0.0
1990,0.0
1991,0.0
1992,0.0
1993,0.0
1994,0.0
1995,0.0
1996,0.0
1997,0.0
1998,0.0
1999,0.0
2000,0.0
2001,0.0
2002,0.0
2003,0.0
2004,0.0
2005,0.0
2006,0.0
2007,0.0
2008,0.0
2009,0.0
2010,0.0
2011,0.0
2012,0.0
2013,0.0
2014,0.0
2015,0.0
2016,0.0
2017,0.0
2018,0.0
2019,0.0
2020,0.0
2021,0.0
2022,0.0
2023,0.0
2024,0.0
2025,0.0
2026,0.0
2027,0.0
2028,0.0
2029,0.0
2030,0.0
2031,0.0
2032,0.0
2033,0.0
2034,0.0
2035,0.0
2036,0.0
2037,0.0
2038,0.0
2039,0.0
2040,0.0
2041,0.0
2042,0.0
2043,0.0
2044,0.0
2045,0.0
2046,0.0
2047,0.0
2048,0.0
2049,0.01
2050,0.019999999999999997
2051,0.020000000000000004
2052,0.039999999999999994
2053,0.04000000000000001
2054,0.06
2055,0.08000000000000002
2056,0.10999999999999999
2057,0.13
2058,0.14
2059,0.16999999999999993
2060,0.20000000000000007
2061,0.21999999999999997
2062,0.24
2063,0.28
2064,0.30000000000000004
2065,0.2599999999999998
2066,0.18000000000000016
2067,0.25
2068,0.3599999999999999
2069,0.3900000000000001
2070,0.3999999999999999
2071,0.4099999999999997
2072,0.4400000000000004
2073,0.4500000000000002
2074,0.47999999999999954
2075,0.4800000000000004
2076,0.5099999999999998
2077,0.5200000000000005
2078,0.54
2079,0.5399999999999991
2080,0.5600000000000005
2081,0.5600000000000005
2082,0.5800000000000001
2083,0.5999999999999996
2084,0.5899999999999999
2085,0.5899999999999999
2086,0.5999999999999996
2087,0.6100000000000012
2088,0.5999999999999996
2089,0.5999999999999996
2090,0.5999999999999996
2091,0.5999999999999996
2092,0.6000000000000014
2093,0.5999999999999979
2094,0.5899999999999999
2095,0.5899999999999999
2096,0.5800000000000018
2097,0.5500000000000007
2098,0.5799999999999983
2099,0.5600000000000023
2100,0.5599999999999987
2101,0.5399999999999991
2102,0.5399999999999991
2103,0.5200000000000031
2104,0.5199999999999996
2105,0.48999999999999844
2106,0.46999999999999886
2107,0.4800000000000004
2108,0.4499999999999993
2109,0.43000000000000327
2110,0.41000000000000014
2111,0.4099999999999966
2112,0.38000000000000256
2113,0.36999999999999744
2114,0.3400000000000034
2115,0.3299999999999983
2116,0.3000000000000007
2117,0.2799999999999976
2118,0.26000000000000156
2119,0.23999999999999844
2120,0.21000000000000085
2121,0.1999999999999993
2122,0.1700000000000017
2123,0.14999999999999858
2124,0.13000000000000256
2125,0.10999999999999943
2126,0.08999999999999986
2127,0.0799999999999983
2128,0.060000000000002274
2129,0.03999999999999915
2130,0.019999999999999574
2131,0.019999999999999574
2132,0.010000000000001563
2133,0.0
2134,0.0
2135,0.0
2136,0.0
2137,0.0
2138,0.0
2139,0.0
2140,0.0
2141,0.0
2142,0.0
2143,0.0
2144,0.0
2145,0.0
2146,0.0
2147,0.0
2148,0.0
2149,0.0
2150,0.0
2151,0.0
2152,0.0
2153,0.0
2154,0.0
2155,0.0
2156,0.0
2157,0.0
2158,0.0
2159,0.0
2160,0.0
2161,0.0
2162,0.0
2163,0.0
2164,0.0
2165,0.0
2166,0.0
2167,0.0
2168,0.0
2169,0.0
2170,0.0
2171,0.0
2172,0.0
2173,0.0
2174,0.0
2175,0.0
2176,0.0
2177,0.0
2178,0.0
2179,0.0
2180,0.0
2181,0.0
2182,0.0
2183,0.0
2184,0.0
2185,0.0
2186,0.0
2187,0.0
2188,0.0
2189,0.0
2190,0.0
2191,0.0
2192,0.0
2193,0.02
2194,0.009999999999999998
2195,0.020000000000000004
2196,0.009999999999999995
2197,0.03
2198,0.03
2199,0.03
2200,0.06
2201,0.07999999999999999
2202,0.13
2203,0.13000000000000006
2204,0.13
2205,0.15999999999999992
2206,0.2400000000000001
2207,0.29000000000000004
2208,0.18999999999999995
2209,0.19999999999999996
2210,0.28
2211,0.33999999999999986
2212,0.3600000000000003
2213,0.3799999999999999
2214,0.3999999999999999
2215,0.41999999999999993
2216,0.43000000000000016
2217,0.45999999999999996
2218,0.46999999999999975
2219,0.4900000000000002
2220,0.5099999999999998
2221,0.5200000000000005
2222,0.54
2223,0.54
2224,0.5600000000000005
2225,0.5699999999999985
2226,0.5700000000000003
2227,0.5800000000000001
2228,0.6099999999999994
2229,0.5600000000000005
2230,0.5999999999999996
2231,0.5899999999999999
2232,0.6100000000000012
2233,0.6099999999999994
2234,0.5999999999999996
2235,0.6000000000000014
2236,0.6099999999999994
2237,0.5899999999999999
2238,0.6000000000000014
2239,0.5899999999999999
2240,0.5899999999999999
2241,0.5899999999999999
2242,0.5799999999999983
2243,0.5800000000000018
2244,0.5599999999999987
2245,0.5500000000000007
2246,0.5299999999999976
2247,0.5200000000000031
2248,0.5199999999999996
2249,0.5
2250,0.46999999999999886
2251,0.4400000000000013
2252,0.3999999999999986
2253,0.3999999999999986
2254,0.3400000000000034
2255,0.389999999999997
2256,0.360000000000003
2257,0.34999999999999787
2258,0.33000000000000185
2259,0.3099999999999987
2260,0.28999999999999915
2261,0.2699999999999996
2262,0.25
2263,0.23000000000000043
2264,0.21000000000000085
2265,0.17999999999999972
2266,0.1700000000000017
2267,0.13999999999999702
2268,0.120000000000001
2269,0.10999999999999943
2270,0.08999999999999986
2271,0.07000000000000028
2272,0.05000000000000071
2273,0.03999999999999915
2274,0.019999999999999574
2275,0.010000000000001563
2276,0.010000000000001563
2277,0.0
2278,0.0
2279,0.0
2280,0.0
2281,0.0
2282,0.0
2283,0.0
2284,0.0
2285,0.0
2286,0.0
2287,0.0
2288,0.0
2289,0.0
2290,0.0
2291,0.0
2292,0.0
2293,0.0
2294,0.0
2295,0.0
2296,0.0
2297,0.0
2298,0.0
2299,0.0
2300,0.0
2301,0.0
2302,0.0
2303,0.0
2304,0.0
2305,0.0
2306,0.0
2307,0.0
2308,0.0
2309,0.0
2310,0.0
2311,0.0
2312,0.0
2313,0.0
2314,0.0
2315,0.0
2316,0.0
2317,0.0
2318,0.0
2319,0.0
2320,0.0
2321,0.0
2322,0.0
2323,0.0
2324,0.0
2325,0.0
2326,0.0
2327,0.0
2328,0.0
2329,0.0
2330,0.0
2331,0.0
2332,0.0
2333,0.0
2334,0.0
2335,0.0
2336,0.0
2337,0.01
2338,0.019999999999999997
2339,0.03
2340,0.06
2341,0.08000000000000002
2342,0.08999999999999997
2343,0.06
2344,0.07
2345,0.07
2346,0.08999999999999997
2347,0.06000000000000005
2348,0.06999999999999995
2349,0.06000000000000005
2350,0.05999999999999994
2351,0.08000000000000007
2352,0.09999999999999998
2353,0.1299999999999999
2354,0.17000000000000015
2355,0.17999999999999994
2356,0.15999999999999992
2357,0.17000000000000015
2358,0.21999999999999997
2359,0.22999999999999998
2360,0.20000000000000018
2361,0.22999999999999998
2362,0.23999999999999977
2363,0.29000000000000004
2364,0.31999999999999984
2365,0.29000000000000004
2366,0.2999999999999998
2367,0.3200000000000003
2368,0.34999999999999964
2369,0.35000000000000053
2370,0.3799999999999999
2371,0.4500000000000002
2372,0.41999999999999993
2373,0.28000000000000025
2374,0.2699999999999996
2375,0.20000000000000018
2376,0.20999999999999996
2377,0.21999999999999975
2378,0.23000000000000043
2379,0.20999999999999908
2380,0.21000000000000085
2381,0.17999999999999972
2382,0.2599999999999998
2383,0.2900000000000009
2384,0.35999999999999943
2385,0.28999999999999915
2386,0.23000000000000043
2387,0.20000000000000107
2388,0.16999999999999993
2389,0.16999999999999993
2390,0.1399999999999988
2391,0.13000000000000078
2392,0.08999999999999986
2393,0.08999999999999986
2394,0.09999999999999964
2395,0.08000000000000007
2396,0.0600000000000005
2397,0.05000000000000071
2398,0.05999999999999872
2399,0.040000000000000924
2400,0.03999999999999915
2401,0.040000000000000924
2402,0.02999999999999936
2403,0.019999999999999574
2404,0.009999999999999787
2405,0.0
2406,0.0
2407,0.0
2408,0.010000000000001563
2409,0.0
2410,0.0
2411,0.0
2412,0.0
2413,0.0
2414,0.0
2415,0.0
2416,0.0
2417,0.0
2418,0.0
2419,0.0
2420,0.0
2421,0.0
2422,0.0
2423,0.0
2424,0.0
2425,0.0
2426,0.0
2427,0.0
2428,0.0
2429,0.0
2430,0.0
2431,0.0
2432,0.0
2433,0.0
2434,0.0
2435,0.0
2436,0.0
2437,0.0
2438,0.0
2439,0.0
2440,0.0
2441,0.0
2442,0.0
2443,0.0
2444,0.0
2445,0.0
2446,0.0
2447,0.0
2448,0.0
2449,0.0
2450,0.0
2451,0.0
2452,0.0
2453,0.0
2454,0.0
2455,0.0
2456,0.0
2457,0.0
2458,0.0
2459,0.0
2460,0.0
2461,0.0
2462,0.0
2463,0.0
2464,0.0
2465,0.0
2466,0.0
2467,0.0
2468,0.0
2469,0.0
2470,0.0
2471,0.0
2472,0.0
2473,0.0
2474,0.0
2475,0.0
2476,0.0
2477,0.0
2478,0.0
2479,0.0
2480,0.0
2481,0.0
2482,0.0
2483,0.0
2484,0.0
2485,0.0
2486,0.0
2487,0.0
2488,0.01
2489,0.01
2490,0.009999999999999998
2491,0.020000000000000004
2492,0.020000000000000004
2493,0.03
2494,0.03
2495,0.04000000000000001
2496,0.03999999999999998
2497,0.03
2498,0.030000000000000027
2499,0.03999999999999998
2500,0.03999999999999998
2501,0.06
2502,0.040000000000000036
2503,0.04999999999999999
2504,0.06000000000000005
2505,0.07999999999999996
2506,0.08999999999999997
2507,0.09999999999999998
2508,0.09000000000000008
2509,0.08999999999999997
2510,0.09000000000000008
2511,0.09999999999999987
2512,0.10000000000000009
2513,0.09999999999999987
2514,0.1100000000000001
2515,0.10000000000000009
2516,0.09999999999999987
2517,0.09000000000000008
2518,0.08999999999999986
2519,0.09000000000000008
2520,0.08999999999999986
2521,0.07000000000000028
2522,0.06999999999999984
2523,0.10999999999999988
2524,0.13000000000000034
2525,0.09999999999999964
2526,0.0900000000000003
2527,0.10999999999999988
2528,0.10000000000000009
2529,0.10000000000000009
2530,0.11999999999999966
2531,0.1200000000000001
2532,0.10999999999999988
2533,0.10000000000000009
2534,0.08000000000000007
2535,0.10999999999999988
2536,0.10000000000000009
2537,0.08000000000000007
2538,0.16000000000000014
2539,0.19999999999999973
2540,0.17999999999999972
2541,0.17000000000000082
2542,0.16999999999999993
2543,0.11999999999999922
2544,0.11000000000000032
2545,0.08000000000000007
2546,0.08999999999999986
2547,0.08999999999999986
2548,0.1200000000000001
2549,0.11000000000000032
2550,0.09999999999999964
2551,0.10000000000000053
2552,0.09999999999999964
2553,0.13999999999999968
2554,0.11000000000000032
2555,0.0600000000000005
2556,0.05999999999999961
2557,0.04999999999999982
2558,0.040000000000000036
2559,0.04999999999999982
2560,0.040000000000000036
2561,0.03000000000000025
2562,0.03000000000000025
2563,0.009999999999999787
2564,0.009999999999999787
2565,0.0
2566,0.0
2567,0.0
2568,0.0
2569,0.0
2570,0.0
2571,0.0
2572,0.0
2573,0.0
2574,0.0
2575,0.0
2576,0.0
2577,0.0
2578,0.0
2579,0.0
2580,0.0
2581,0.0
2582,0.0
2583,0.0
2584,0.0
2585,0.0
2586,0.0
2587,0.0
2588,0.0
2589,0.0
2590,0.0
2591,0.0
2592,0.0
2593,0.0
2594,0.0
2595,0.0
2596,0.0
2597,0.0
2598,0.0
2599,0.0
2600,0.0
2601,0.0
2602,0.0
2603,0.0
2604,0.0
2605,0.0
2606,0.0
2607,0.0
2608,0.0
2609,0.0
2610,0.0
2611,0.0
2612,0.0
2613,0.0
2614,0.0
2615,0.0
2616,0.0
2617,0.0
2618,0.0
2619,0.0
2620,0.0
2621,0.0
2622,0.0
2623,0.0
2624,0.01
2625,0.019999999999999997
2626,0.020000000000000004
2627,0.03
2628,0.05
2629,0.04999999999999999
2630,0.07
2631,0.07
2632,0.07
2633,0.08999999999999997
2634,0.08000000000000007
2635,0.05999999999999994
2636,0.050000000000000044
2637,0.06999999999999995
2638,0.07999999999999996
2639,0.07000000000000006
2640,0.09999999999999998
2641,0.1200000000000001
2642,0.16999999999999993
2643,0.16999999999999993
2644,0.18999999999999995
2645,0.18000000000000016
2646,0.20999999999999974
2647,0.25
2648,0.3600000000000003
2649,0.2799999999999998
2650,0.26000000000000023
2651,0.48
2652,0.47999999999999954
2653,0.5200000000000005
2654,0.54
2655,0.5499999999999998
2656,0.5700000000000003
2657,0.5999999999999996
2658,0.5999999999999996
2659,0.5999999999999996
2660,0.5800000000000001
2661,0.5800000000000001
2662,0.4300000000000015
2663,0.6599999999999984
2664,0.4900000000000002
2665,0.5099999999999998
2666,0.5800000000000001
2667,0.5800000000000001
2668,0.5800000000000001
2669,0.5899999999999999
2670,0.620000000000001
2671,0.6099999999999994
2672,0.4800000000000004
2673,0.5299999999999994
2674,0.5200000000000014
2675,0.48999999999999844
2676,0.4800000000000004
2677,0.4299999999999997
2678,0.5
2679,0.3100000000000023
2680,0.22999999999999687
2681,0.22000000000000242
2682,0.41999999999999815
2683,0.5
2684,0.41000000000000014
2685,0.4400000000000013
2686,0.34999999999999787
2687,0.18000000000000327
2688,0.16999999999999815
2689,0.23000000000000043
2690,0.3099999999999987
2691,0.1700000000000017
2692,0.14000000000000057
2693,0.11999999999999744
2694,0.14000000000000057
2695,0.15000000000000213
2696,0.0799999999999983
2697,0.05000000000000071
2698,0.05000000000000071
2699,0.05999999999999872
2700,0.05999999999999872
2701,0.05000000000000071
2702,0.060000000000002274
2703,0.04999999999999716
2704,0.05000000000000071
2705,0.03999999999999915
2706,0.030000000000001137
2707,0.019999999999999574
2708,0.010000000000001563
2709,0.0
2710,0.0
2711,0.0
2712,0.0
2713,0.0
2714,0.0
2715,0.0
2716,0.0
2717,0.0
2718,0.0
2719,0.0
2720,0.0
2721,0.0
2722,0.0
2723,0.0
2724,0.0
2725,0.0
2726,0.0
2727,0.0
2728,0.0
2729,0.0
2730,0.0
2731,0.0
2732,0.0
2733,0.0
2734,0.0
2735,0.0
2736,0.0
2737,0.0
2738,0.0
2739,0.0
2740,0.0
2741,0.0
2742,0.0
2743,0.0
2744,0.0
2745,0.0
2746,0.0
2747,0.0
2748,0.0
2749,0.0
2750,0.0
2751,0.0
2752,0.0
2753,0.0
2754,0.0
2755,0.0
2756,0.0
2757,0.0
2758,0.0
2759,0.0
2760,0.0
2761,0.0
2762,0.0
2763,0.0
2764,0.0
2765,0.0
2766,0.0
2767,0.0
2768,0.0
2769,0.0
2770,0.01
2771,0.03
2772,0.030000000000000006
2773,0.06
2774,0.06
2775,0.04999999999999999
2776,0.06
2777,0.07
2778,0.07
2779,0.08000000000000002
2780,0.14
2781,0.10999999999999999
2782,0.07999999999999996
2783,0.07000000000000006
2784,0.06999999999999995
2785,0.10000000000000009
2786,0.10999999999999988
2787,0.1200000000000001
2788,0.19999999999999996
2789,0.24
2790,0.30000000000000004
2791,0.44999999999999973
2792,0.33000000000000007
2793,0.5100000000000002
2794,0.5099999999999998
2795,0.52
2796,0.5300000000000002
2797,0.5599999999999996
2798,0.5800000000000001
2799,0.5700000000000003
2800,0.5800000000000001
2801,0.5699999999999994
2802,0.5600000000000005
2803,0.5600000000000005
2804,0.6099999999999994
2805,0.5600000000000005
2806,0.6399999999999988
2807,0.6100000000000012
2808,0.6399999999999988
2809,0.5400000000000009
2810,0.5199999999999996
2811,0.620000000000001
2812,0.6399999999999988
2813,0.6400000000000006
2814,0.5899999999999999
2815,0.5399999999999991
2816,0.6600000000000001
2817,0.5899999999999999
2818,0.7100000000000009
2819,0.6099999999999994
2820,0.6000000000000014
2821,0.5199999999999996
2822,0.5
2823,0.46000000000000085
2824,0.379999999999999
2825,0.25
2826,0.21999999999999886
2827,0.17999999999999972
2828,0.22000000000000242
2829,0.2799999999999976
2830,0.3000000000000007
2831,0.33000000000000185
2832,0.18999999999999773
2833,0.19000000000000128
2834,0.129999999999999
2835,0.129999999999999
2836,0.14000000000000057
2837,0.13000000000000256
2838,0.11999999999999744
2839,0.08999999999999986
2840,0.08999999999999986
2841,0.05000000000000071
2842,0.030000000000001137
2843,0.030000000000001137
2844,0.029999999999997584
2845,0.05000000000000071
2846,0.05999999999999872
2847,0.0400000000000027
2848,0.029999999999997584
2849,0.019999999999999574
2850,0.010000000000001563
2851,0.010000000000001563
2852,0.00999999999999801
2853,0.0
2854,0.0
2855,0.0
2856,0.0
2857,0.0
2858,0.0
2859,0.0
2860,0.0
2861,0.0
2862,0.0
2863,0.0
2864,0.0
2865,0.0
2866,0.0
2867,0.0
2868,0.0
2869,0.0
2870,0.0
2871,0.0
2872,0.0
2873,0.0
2874,0.0
2875,0.0
2876,0.0
2877,0.0
2878,0.0
2879,0.0
2880,0.0
2881,0.0
2882,0.0
2883,0.0
2884,0.0
2885,0.0
2886,0.0
2887,0.0
2888,0.0
2889,0.0
2890,0.0
2891,0.0
2892,0.0
2893,0.0
2894,0.0
2895,0.0
2896,0.0
2897,0.0
2898,0.0
2899,0.0
2900,0.0
2901,0.0
2902,0.0
2903,0.0
2904,0.0
2905,0.0
2906,0.0
2907,0.0
2908,0.0
2909,0.0
2910,0.0
2911,0.0
2912,0.0
2913,0.0
2914,0.0
2915,0.01
2916,0.01
2917,0.02
2918,0.010000000000000002
2919,0.039999999999999994
2920,0.06
2921,0.04000000000000001
2922,0.04000000000000001
2923,0.04000000000000001
2924,0.07999999999999996
2925,0.08000000000000002
2926,0.08000000000000002
2927,0.06999999999999995
2928,0.10000000000000009
2929,0.13
2930,0.1299999999999999
2931,0.16000000000000014
2932,0.18999999999999995
2933,0.19999999999999996
2934,0.19999999999999996
2935,0.19999999999999996
2936,0.19000000000000017
2937,0.21999999999999975
2938,0.20000000000000018
2939,0.20999999999999996
2940,0.20999999999999996
2941,0.20000000000000018
2942,0.19999999999999973
2943,0.22999999999999998
2944,0.28000000000000025
2945,0.3600000000000003
2946,0.34999999999999964
2947,0.3600000000000003
2948,0.2999999999999998
2949,0.28000000000000025
2950,0.2699999999999996
2951,0.3099999999999996
2952,0.33000000000000007
2953,0.40000000000000036
2954,0.3899999999999997
2955,0.41999999999999993
2956,0.40000000000000036
2957,0.4900000000000002
2958,0.6500000000000004
2959,0.5399999999999991
2960,0.5
2961,0.5500000000000007
2962,0.3699999999999992
2963,0.3200000000000003
2964,0.33000000000000007
2965,0.39000000000000057
2966,0.379999999999999
2967,0.40000000000000036
2968,0.3800000000000008
2969,0.33999999999999986
2970,0.5700000000000003
2971,0.6199999999999992
2972,0.5099999999999998
2973,0.2900000000000009
2974,0.25
2975,0.22000000000000064
2976,0.2099999999999973
2977,0.21000000000000085
2978,0.23000000000000043
2979,0.26000000000000156
2980,0.31999999999999673
2981,0.21000000000000085
2982,0.14000000000000057
2983,0.10999999999999943
2984,0.10999999999999943
2985,0.10000000000000142
2986,0.08999999999999986
2987,0.08000000000000185
2988,0.06999999999999673
2989,0.07000000000000028
2990,0.060000000000002274
2991,0.05000000000000071
2992,0.029999999999997584
2993,0.05000000000000071
2994,0.030000000000001137
2995,0.00999999999999801
2996,0.019999999999999574
2997,0.0
2998,0.0
2999,0.0
3000,0.0
3001,0.0
3002,0.0
3003,0.0
3004,0.0
3005,0.0
3006,0.0
3007,0.0
3008,0.0
3009,0.0
3010,0.0
3011,0.0
3012,0.0
3013,0.0
3014,0.0
3015,0.0
3016,0.0
3017,0.0
3018,0.0
3019,0.0
3020,0.0
3021,0.0
3022,0.0
3023,0.0
3024,0.0
3025,0.0
3026,0.0
3027,0.0
3028,0.0
3029,0.0
3030,0.0
3031,0.0
3032,0.0
3033,0.0
3034,0.0
3035,0.0
3036,0.0
3037,0.0
3038,0.0
3039,0.0
3040,0.0
3041,0.0
3042,0.0
3043,0.0
3044,0.0
3045,0.0
3046,0.0
3047,0.0
3048,0.0
3049,0.0
3050,0.0
3051,0.0
3052,0.0
3053,0.0
3054,0.0
3055,0.0
3056,0.0
3057,0.01
3058,0.019999999999999997
3059,0.03
3060,0.05
3061,0.06999999999999999
3062,0.10000000000000003
3063,0.09999999999999998
3064,0.13
3065,0.15000000000000002
3066,0.16999999999999993
3067,0.19000000000000006
3068,0.20999999999999996
3069,0.24
3070,0.25
3071,0.27
3072,0.30000000000000004
3073,0.31999999999999984
3074,0.3400000000000003
3075,0.36999999999999966
3076,0.3900000000000001
3077,0.41000000000000014
3078,0.39999999999999947
3079,0.46000000000000085
3080,0.4299999999999997
3081,0.47999999999999954
3082,0.5
3083,0.5300000000000002
3084,0.5300000000000002
3085,0.5499999999999998
3086,0.5800000000000001
3087,0.6199999999999992
3088,0.6000000000000014
3089,0.48999999999999844
3090,0.5100000000000016
3091,0.5299999999999994
3092,0.5899999999999999
3093,0.5600000000000005
3094,0.41000000000000014
3095,0.47999999999999865
3096,0.41999999999999993
3097,0.3200000000000003
3098,0.7300000000000004
3099,0.5500000000000007
3100,0.2599999999999998
3101,0.5899999999999981
3102,0.5
3103,0.5500000000000007
3104,0.5399999999999991
3105,0.21000000000000085
3106,0.6600000000000001
3107,0.5
3108,0.23000000000000043
3109,0.5300000000000011
3110,0.39000000000000057
3111,0.3999999999999986
3112,0.5700000000000003
3113,0.5599999999999987
3114,0.4299999999999997
3115,0.5199999999999996
3116,0.5200000000000031
3117,0.48999999999999844
3118,0.46999999999999886
3119,0.4400000000000013
3120,0.4299999999999997
3121,0.39000000000000057
3122,0.3999999999999986
3123,0.38000000000000256
3124,0.36999999999999744
3125,0.3000000000000007
3126,0.17999999999999972
3127,0.16000000000000014
3128,0.23000000000000043
3129,0.21999999999999886
3130,0.19000000000000128
3131,0.16000000000000014
3132,0.129999999999999
3133,0.120000000000001
3134,0.10999999999999943
3135,0.05000000000000071
3136,0.03999999999999915
3137,0.03999999999999915
3138,0.0400000000000027
3139,0.029999999999997584
3140,0.019999999999999574
3141,0.0
3142,0.0
3143,0.0
3144,0.0
3145,0.0
3146,0.0
3147,0.0
3148,0.0
3149,0.0
3150,0.0
3151,0.0
3152,0.0
3153,0.0
3154,0.0
3155,0.0
3156,0.0
3157,0.0
3158,0.0
3159,0.0
3160,0.0
3161,0.0
3162,0.0
3163,0.0
3164,0.0
3165,0.0
3166,0.0
3167,0.0
3168,0.0
3169,0.0
3170,0.0
3171,0.0
3172,0.0
3173,0.0
3174,0.0
3175,0.0
3176,0.0
3177,0.0
3178,0.0
3179,0.0
3180,0.0
3181,0.0
3182,0.0
3183,0.0
3184,0.0
3185,0.0
3186,0.0
3187,0.0
3188,0.0
3189,0.0
3190,0.0
3191,0.0
3192,0.0
3193,0.0
3194,0.0
3195,0.0
3196,0.0
3197,0.0
3198,0.0
3199,0.0
3200,0.0
3201,0.01
3202,0.019999999999999997
3203,0.03
3204,0.05
3205,0.06000000000000001
3206,0.06999999999999998
3207,0.10000000000000003
3208,0.12
3209,0.11999999999999994
3210,0.16000000000000003
3211,0.17000000000000004
3212,0.20000000000000007
3213,0.21999999999999997
3214,0.24
3215,0.26
3216,0.27
3217,0.31999999999999984
3218,0.33000000000000007
3219,0.3599999999999999
3220,0.38000000000000034
3221,0.3899999999999997
3222,0.41000000000000014
3223,0.4400000000000004
3224,0.45999999999999996
3225,0.47999999999999954
3226,0.4900000000000002
3227,0.5
3228,0.5099999999999998
3229,0.5600000000000005
3230,0.5700000000000003
3231,0.5899999999999999
3232,0.6399999999999988
3233,0.6800000000000015
3234,0.5899999999999999
3235,0.2699999999999996
3236,0.33999999999999986
3237,0.5099999999999998
3238,0.3200000000000003
3239,0.2599999999999998
3240,0.6500000000000004
3241,0.7300000000000004
3242,0.6199999999999992
3243,0.3800000000000008
3244,0.5599999999999987
3245,0.6199999999999992
3246,0.370000000000001
3247,0.6099999999999994
3248,0.5800000000000018
3249,0.4599999999999973
3250,0.6000000000000014
3251,0.6499999999999986
3252,0.5600000000000023
3253,0.28999999999999915
3254,0.5899999999999999
3255,0.5899999999999999
3256,0.5399999999999991
3257,0.5700000000000003
3258,0.46000000000000085
3259,0.490000000000002
3260,0.509999999999998
3261,0.5100000000000016
3262,0.46999999999999886
3263,0.4400000000000013
3264,0.4299999999999997
3265,0.34999999999999787
3266,0.13000000000000256
3267,0.31999999999999673
3268,0.25
3269,0.3200000000000003
3270,0.28000000000000114
3271,0.26000000000000156
3272,0.23000000000000043
3273,0.2099999999999973
3274,0.1700000000000017
3275,0.129999999999999
3276,0.120000000000001
3277,0.120000000000001
3278,0.09999999999999787
3279,0.08000000000000185
3280,0.07000000000000028
3281,0.04999999999999716
3282,0.0400000000000027
3283,0.019999999999999574
3284,0.00999999999999801
3285,0.0
3286,0.0
3287,0.0
3288,0.0
3289,0.0
3290,0.0
3291,0.0
3292,0.0
3293,0.0
3294,0.0
3295,0.0
3296,0.0
3297,0.0
3298,0.0
3299,0.0
3300,0.0
3301,0.0
3302,0.0
3303,0.0
3304,0.0
3305,0.0
3306,0.0
3307,0.0
3308,0.0
3309,0.0
3310,0.0
3311,0.0
3312,0.0
3313,0.0
3314,0.0
3315,0.0
3316,0.0
3317,0.0
3318,0.0
3319,0.0
3320,0.0
3321,0.0
3322,0.0
3323,0.0
3324,0.0
3325,0.0
3326,0.0
3327,0.0
3328,0.0
3329,0.0
3330,0.0
3331,0.0
3332,0.0
3333,0.0
3334,0.0
3335,0.0
3336,0.0
3337,0.0
3338,0.0
3339,0.0
3340,0.0
3341,0.0
3342,0.0
3343,0.0
3344,0.0
3345,0.02
3346,0.02
3347,0.030000000000000006
3348,0.04999999999999999
3349,0.06
3350,0.08000000000000002
3351,0.09999999999999998
3352,0.10999999999999999
3353,0.14
3354,0.15000000000000002
3355,0.17000000000000004
3356,0.19999999999999984
3357,0.2200000000000002
3358,0.24
3359,0.26
3360,0.29000000000000004
3361,0.2999999999999998
3362,0.33000000000000007
3363,0.3500000000000001
3364,0.3700000000000001
3365,0.3799999999999999
3366,0.41000000000000014
3367,0.4299999999999997
3368,0.4400000000000004
3369,0.46999999999999975
3370,0.47999999999999954
3371,0.5
3372,0.5200000000000005
3373,0.5199999999999996
3374,0.54
3375,0.5400000000000009
3376,0.5800000000000001
3377,0.5800000000000001
3378,0.5899999999999999
3379,0.5999999999999996
3380,0.5999999999999996
3381,0.6199999999999992
3382,0.6000000000000014
3383,0.5999999999999996
3384,0.6099999999999994
3385,0.6400000000000006
3386,0.6600000000000001
3387,0.6699999999999999
3388,0.6699999999999982
3389,0.6600000000000001
3390,0.6400000000000006
3391,0.6500000000000021
3392,0.629999999999999
3393,0.620000000000001
3394,0.6099999999999994
3395,0.5999999999999979
3396,0.5300000000000011
3397,0.5599999999999987
3398,0.5600000000000023
3399,0.5500000000000007
3400,0.5
3401,0.509999999999998
3402,0.490000000000002
3403,0.48999999999999844
3404,0.46999999999999886
3405,0.40000000000000213
3406,0.379999999999999
3407,0.35999999999999943
3408,0.3100000000000023
3409,0.35999999999999943
3410,0.3299999999999983
3411,0.26000000000000156
3412,0.21000000000000085
3413,0.14999999999999858
3414,0.16000000000000014
3415,0.129999999999999
3416,0.16000000000000014
3417,0.19000000000000128
3418,0.17999999999999972
3419,0.10999999999999943
3420,0.0799999999999983
3421,0.08000000000000185
3422,0.07000000000000028
3423,0.05999999999999872
3424,0.05000000000000071
3425,0.030000000000001137
3426,0.029999999999997584
3427,0.010000000000001563
3428,0.010000000000001563
3429,0.0
3430,0.0
3431,0.0
3432,0.0
3433,0.0
3434,0.0
3435,0.0
3436,0.0
3437,0.0
3438,0.0
3439,0.0
3440,0.0
3441,0.0
3442,0.0
3443,0.0
3444,0.0
3445,0.0
3446,0.0
3447,0.0
3448,0.0
3449,0.0
3450,0.0
3451,0.0
3452,0.0
3453,0.0
3454,0.0
3455,0.0
3456,0.0
3457,0.0
3458,0.0
3459,0.0
3460,0.0
3461,0.0
3462,0.0
3463,0.0
3464,0.0
3465,0.0
3466,0.0
3467,0.0
3468,0.0
3469,0.0
3470,0.0
3471,0.0
3472,0.0
3473,0.0
3474,0.0
3475,0.0
3476,0.0
3477,0.0
3478,0.0
3479,0.0
3480,0.0
3481,0.0
3482,0.0
3483,0.0
3484,0.0
3485,0.0
3486,0.0
3487,0.0
3488,0.0
3489,0.0
3490,0.0
3491,0.01
3492,0.01
3493,0.02
3494,0.030000000000000006
3495,0.039999999999999994
3496,0.030000000000000013
3497,0.03
3498,0.03
3499,0.03999999999999998
3500,0.06
3501,0.07
3502,0.06
3503,0.07
3504,0.07999999999999996
3505,0.10000000000000009
3506,0.10999999999999999
3507,0.09999999999999998
3508,0.08999999999999997
3509,0.1100000000000001
3510,0.11999999999999988
3511,0.15000000000000013
3512,0.15999999999999992
3513,0.19999999999999996
3514,0.19999999999999996
3515,0.3500000000000001
3516,0.2999999999999998
3517,0.38000000000000034
3518,0.4299999999999997
3519,0.3400000000000003
3520,0.2799999999999998
3521,0.2599999999999998
3522,0.3600000000000003
3523,0.33999999999999986
3524,0.33000000000000007
3525,0.21999999999999975
3526,0.29000000000000004
3527,0.3799999999999999
3528,0.3799999999999999
3529,0.3000000000000007
3530,0.27999999999999936
3531,0.3000000000000007
3532,0.2999999999999998
3533,0.29999999999999893
3534,0.25
3535,0.2400000000000002
3536,0.19000000000000128
3537,0.22999999999999865
3538,0.26000000000000156
3539,0.2599999999999998
3540,0.2400000000000002
3541,0.17999999999999972
3542,0.20999999999999908
3543,0.2400000000000002
3544,0.23000000000000043
3545,0.17999999999999972
3546,0.11999999999999922
3547,0.09000000000000163
3548,0.0799999999999983
3549,0.09000000000000163
3550,0.09999999999999964
3551,0.10999999999999943
3552,0.14000000000000057
3553,0.129999999999999
3554,0.10000000000000142
3555,0.09999999999999964
3556,0.08000000000000007
3557,0.08000000000000007
3558,0.08000000000000007
3559,0.08000000000000007
3560,0.09999999999999964
3561,0.1399999999999988
3562,0.14000000000000057
3563,0.09999999999999964
3564,0.120000000000001
3565,0.08999999999999986
3566,0.07000000000000028
3567,0.049999999999998934
3568,0.05000000000000071
3569,0.02999999999999936
3570,0.019999999999999574
3571,0.010000000000001563
3572,0.009999999999999787
3573,0.009999999999999787
3574,0.0
3575,0.0
3576,0.0
3577,0.0
3578,0.0
3579,0.0
3580,0.0
3581,0.0
3582,0.0
3583,0.0
3584,0.0
3585,0.0
3586,0.0
3587,0.0
3588,0.0
3589,0.0
3590,0.0
3591,0.0
3592,0.0
3593,0.0
3594,0.0
3595,0.0
3596,0.0
3597,0.0
3598,0.0
3599,0.0
3600,0.0
3601,0.0
3602,0.0
3603,0.0
3604,0.0
3605,0.0
3606,0.0
3607,0.0
3608,0.0
3609,0.0
3610,0.0
3611,0.0
3612,0.0
3613,0.0
3614,0.0
3615,0.0
3616,0.0
3617,0.0
3618,0.0
3619,0.0
3620,0.0
3621,0.0
3622,0.0
3623,0.0
3624,0.0
3625,0.0
3626,0.0
3627,0.0
3628,0.0
3629,0.0
3630,0.0
3631,0.0
3632,0.0
3633,0.01
3634,0.019999999999999997
3635,0.03
3636,0.03
3637,0.05000000000000002
3638,0.06999999999999998
3639,0.07999999999999999
3640,0.10000000000000003
3641,0.09999999999999998
3642,0.14
3643,0.17000000000000004
3644,0.17999999999999994
3645,0.20999999999999996
3646,0.22999999999999998
3647,0.25
3648,0.27
3649,0.29000000000000004
3650,0.31000000000000005
3651,0.33999999999999986
3652,0.3500000000000001
3653,0.3500000000000001
3654,0.3900000000000001
3655,0.4199999999999995
3656,0.4500000000000002
3657,0.45999999999999996
3658,0.4800000000000004
3659,0.4299999999999997
3660,0.41999999999999993
3661,0.3899999999999997
3662,0.5300000000000002
3663,0.23000000000000043
3664,0.27000000000000046
3665,0.33999999999999986
3666,0.4299999999999997
3667,0.46999999999999886
3668,0.5500000000000007
3669,0.4900000000000002
3670,0.4599999999999991
3671,0.39000000000000057
3672,0.6400000000000006
3673,0.34999999999999964
3674,0.6500000000000004
3675,0.5099999999999998
3676,0.5399999999999991
3677,0.4400000000000013
3678,0.629999999999999
3679,0.45000000000000107
3680,0.46999999999999886
3681,0.6700000000000017
3682,0.41999999999999815
3683,0.6600000000000001
3684,0.5399999999999991
3685,0.6400000000000006
3686,0.6000000000000014
3687,0.5700000000000003
3688,0.3999999999999986
3689,0.26000000000000156
3690,0.5299999999999976
3691,0.5100000000000016
3692,0.4400000000000013
3693,0.3999999999999986
3694,0.46000000000000085
3695,0.4499999999999993
3696,0.41999999999999815
3697,0.39000000000000057
3698,0.38000000000000256
3699,0.34999999999999787
3700,0.33000000000000185
3701,0.3099999999999987
3702,0.28999999999999915
3703,0.2699999999999996
3704,0.25
3705,0.22000000000000242
3706,0.1999999999999993
3707,0.17999999999999972
3708,0.16000000000000014
3709,0.14000000000000057
3710,0.120000000000001
3711,0.09999999999999787
3712,0.07000000000000028
3713,0.03999999999999915
3714,0.030000000000001137
3715,0.010000000000001563
3716,0.019999999999999574
3717,0.0
3718,0.0
3719,0.0
3720,0.0
3721,0.0
3722,0.0
3723,0.0
3724,0.0
3725,0.0
3726,0.0
3727,0.0
3728,0.0
3729,0.0
3730,0.0
3731,0.0
3732,0.0
3733,0.0
3734,0.0
3735,0.0
3736,0.0
3737,0.0
3738,0.0
3739,0.0
3740,0.0
3741,0.0
3742,0.0
3743,0.0
3744,0.0
3745,0.0
3746,0.0
3747,0.0
3748,0.0
3749,0.0
3750,0.0
3751,0.0
3752,0.0
3753,0.0
3754,0.0
3755,0.0
3756,0.0
3757,0.0
3758,0.0
3759,0.0
3760,0.0
3761,0.0
3762,0.0
3763,0.0
3764,0.0
3765,0.0
3766,0.0
3767,0.0
3768,0.0
3769,0.0
3770,0.0
3771,0.0
3772,0.0
3773,0.0
3774,0.0
3775,0.0
3776,0.0
3777,0.02
3778,0.02
3779,0.04
3780,0.05
3781,0.06
3782,0.08000000000000002
3783,0.09999999999999998
3784,0.12
3785,0.14
3786,0.16000000000000003
3787,0.17999999999999994
3788,0.18999999999999995
3789,0.24
3790,0.26
3791,0.24
3792,0.30000000000000027
3793,0.3299999999999996
3794,0.3600000000000003
3795,0.27
3796,0.1499999999999999
3797,0.23999999999999977
3798,0.33000000000000007
3799,0.4800000000000004
3800,0.4899999999999993
3801,0.5100000000000007
3802,0.54
3803,0.5599999999999996
3804,0.5899999999999999
3805,0.5899999999999999
3806,0.6299999999999999
3807,0.620000000000001
3808,0.6399999999999988
3809,0.5300000000000011
3810,0.5899999999999999
3811,0.6399999999999988
3812,0.6700000000000017
3813,0.4399999999999995
3814,0.4299999999999997
3815,0.7099999999999991
3816,0.6300000000000008
3817,0.6999999999999993
3818,0.6300000000000008
3819,0.5599999999999987
3820,0.7100000000000009
3821,0.6799999999999997
3822,0.7100000000000009
3823,0.5300000000000011
3824,0.6600000000000001
3825,0.6899999999999977
3826,0.4800000000000004
3827,0.629999999999999
3828,0.610000000000003
3829,0.5999999999999979
3830,0.6000000000000014
3831,0.5599999999999987
3832,0.5300000000000011
3833,0.5399999999999991
3834,0.5100000000000016
3835,0.46999999999999886
3836,0.16999999999999815
3837,0.19000000000000128
3838,0.21000000000000085
3839,0.259999999999998
3840,0.33999999999999986
3841,0.1700000000000017
3842,0.3200000000000003
3843,0.28999999999999915
3844,0.21000000000000085
3845,0.23000000000000043
3846,0.14000000000000057
3847,0.13999999999999702
3848,0.20000000000000284
3849,0.16000000000000014
3850,0.08999999999999986
3851,0.13999999999999702
3852,0.20000000000000284
3853,0.10999999999999943
3854,0.05999999999999872
3855,0.030000000000001137
3856,0.03999999999999915
3857,0.05999999999999872
3858,0.060000000000002274
3859,0.03999999999999915
3860,0.010000000000001563
3861,0.00999999999999801
3862,0.0
3863,0.0
3864,0.0
3865,0.0
3866,0.0
3867,0.0
3868,0.0
3869,0.0
3870,0.0
3871,0.0
3872,0.0
3873,0.0
3874,0.0
3875,0.0
3876,0.0
3877,0.0
3878,0.0
3879,0.0
3880,0.0
3881,0.0
3882,0.0
3883,0.0
3884,0.0
3885,0.0
3886,0.0
3887,0.0
3888,0.0
3889,0.0
3890,0.0
3891,0.0
3892,0.0
3893,0.0
3894,0.0
3895,0.0
3896,0.0
3897,0.0
3898,0.0
3899,0.0
3900,0.0
3901,0.0
3902,0.0
3903,0.0
3904,0.0
3905,0.0
3906,0.0
3907,0.0
3908,0.0
3909,0.0
3910,0.0
3911,0.0
3912,0.0
3913,0.0
3914,0.0
3915,0.0
3916,0.0
3917,0.0
3918,0.0
3919,0.0
3920,0.0
3921,0.01
3922,0.019999999999999997
3923,0.020000000000000004
3924,0.039999999999999994
3925,0.04000000000000001
3926,0.04999999999999999
3927,0.07
3928,0.07
3929,0.08000000000000002
3930,0.10999999999999999
3931,0.08999999999999997
3932,0.16000000000000003
3933,0.20999999999999996
3934,0.27
3935,0.19999999999999996
3936,0.32000000000000006
3937,0.26
3938,0.33000000000000007
3939,0.3900000000000001
3940,0.3899999999999997
3941,0.41999999999999993
3942,0.40000000000000036
3943,0.3099999999999996
3944,0.4300000000000006
3945,0.5
3946,0.5
3947,0.5299999999999994
3948,0.5499999999999998
3949,0.5700000000000003
3950,0.5800000000000001
3951,0.5899999999999999
3952,0.5899999999999999
3953,0.6400000000000006
3954,0.6199999999999992
3955,0.6300000000000008
3956,0.5700000000000003
3957,0.6399999999999988
3958,0.6800000000000015
3959,0.6799999999999997
3960,0.6399999999999988
3961,0.6600000000000001
3962,0.6799999999999997
3963,0.4800000000000004
3964,0.5100000000000016
3965,0.6499999999999986
3966,0.6700000000000017
3967,0.6600000000000001
3968,0.5799999999999983
3969,0.620000000000001
3970,0.5700000000000003
3971,0.4599999999999973
3972,0.5200000000000031
3973,0.5599999999999987
3974,0.5700000000000003
3975,0.5199999999999996
3976,0.5500000000000007
3977,0.5
3978,0.41000000000000014
3979,0.4800000000000004
3980,0.4499999999999993
3981,0.41999999999999815
3982,0.4299999999999997
3983,0.1700000000000017
3984,0.259999999999998
3985,0.4400000000000013
3986,0.39000000000000057
3987,0.23000000000000043
3988,0.2699999999999996
3989,0.23000000000000043
3990,0.28999999999999915
3991,0.240000000000002
3992,0.25
3993,0.21999999999999886
3994,0.18999999999999773
3995,0.14000000000000057
3996,0.10999999999999943
3997,0.11000000000000298
3998,0.10999999999999943
3999,0.07000000000000028
4000,0.07000000000000028
4001,0.04999999999999716
4002,0.0400000000000027
4003,0.019999999999999574
4004,0.00999999999999801
4005,0.010000000000001563
4006,0.0
4007,0.0
4008,0.0
4009,0.0
4010,0.0
4011,0.0
4012,0.0
4013,0.0
4014,0.0
4015,0.0
4016,0.0
4017,0.0
4018,0.0
4019,0.0
4020,0.0
4021,0.0
4022,0.0
4023,0.0
4024,0.0
4025,0.0
4026,0.0
4027,0.0
4028,0.0
4029,0.0
4030,0.0
4031,0.0
4032,0.0
4033,0.0
4034,0.0
4035,0.0
4036,0.0
4037,0.0
4038,0.0
4039,0.0
4040,0.0
4041,0.0
4042,0.0
4043,0.0
4044,0.0
4045,0.0
4046,0.0
4047,0.0
4048,0.0
4049,0.0
4050,0.0
4051,0.0
4052,0.0
4053,0.0
4054,0.0
4055,0.0
4056,0.0
4057,0.0
4058,0.0
4059,0.0
4060,0.0
4061,0.0
4062,0.0
4063,0.0
4064,0.0
4065,0.02
4066,0.02
4067,0.010000000000000002
4068,0.03
4069,0.03
4070,0.030000000000000013
4071,0.03
4072,0.03
4073,0.04999999999999999
4074,0.07
4075,0.08000000000000002
4076,0.07999999999999996
4077,0.09999999999999998
4078,0.14
4079,0.16000000000000003
4080,0.21000000000000008
4081,0.15999999999999992
4082,0.15999999999999992
4083,0.19000000000000017
4084,0.25
4085,0.21999999999999975
4086,0.20999999999999996
4087,0.29000000000000004
4088,0.3500000000000001
4089,0.31000000000000005
4090,0.41000000000000014
4091,0.43000000000000016
4092,0.46999999999999975
4093,0.3600000000000003
4094,0.27999999999999936
4095,0.29000000000000004
4096,0.29000000000000004
4097,0.3799999999999999
4098,0.3000000000000007
4099,0.33999999999999986
4100,0.41000000000000014
4101,0.41999999999999993
4102,0.46999999999999975
4103,0.3699999999999992
4104,0.33999999999999986
4105,0.3100000000000005
4106,0.2900000000000009
4107,0.25
4108,0.25
4109,0.33000000000000007
4110,0.21999999999999886
4111,0.3800000000000008
4112,0.4800000000000004
4113,0.17999999999999972
4114,0.09999999999999964
4115,0.15000000000000036
4116,0.1899999999999995
4117,0.16000000000000014
4118,0.16000000000000014
4119,0.129999999999999
4120,0.09000000000000163
4121,0.05999999999999872
4122,0.0600000000000005
4123,0.08000000000000007
4124,0.07000000000000028
4125,0.049999999999998934
4126,0.0600000000000005
4127,0.0600000000000005
4128,0.07000000000000028
4129,0.05999999999999872
4130,0.07000000000000028
4131,0.08000000000000007
4132,0.07000000000000028
4133,0.0600000000000005
4134,0.05999999999999872
4135,0.0600000000000005
4136,0.07000000000000028
4137,0.07000000000000028
4138,0.08999999999999986
4139,0.09999999999999964
4140,0.08999999999999986
4141,0.09999999999999964
4142,0.10000000000000142
4143,0.06999999999999851
4144,0.05000000000000071
4145,0.040000000000000924
4146,0.02999999999999936
4147,0.019999999999999574
4148,0.009999999999999787
4149,0.009999999999999787
4150,0.0
4151,0.0
4152,0.0
4153,0.0
4154,0.0
4155,0.0
4156,0.0
4157,0.0
4158,0.0
4159,0.0
4160,0.0
4161,0.0
4162,0.0
4163,0.0
4164,0.0
4165,0.0
4166,0.0
4167,0.0
4168,0.0
4169,0.0
4170,0.0
4171,0.0
4172,0.0
4173,0.0
4174,0.0
4175,0.0
4176,0.0
4177,0.0
4178,0.0
4179,0.0
4180,0.0
4181,0.0
4182,0.0
4183,0.0
4184,0.0
4185,0.0
4186,0.0
4187,0.0
4188,0.0
4189,0.0
4190,0.0
4191,0.0
4192,0.0
4193,0.0
4194,0.0
4195,0.0
4196,0.0
4197,0.0
4198,0.0
4199,0.0
4200,0.0
4201,0.0
4202,0.0
4203,0.0
4204,0.0
4205,0.0
4206,0.0
4207,0.0
4208,0.0
4209,0.0
4210,0.0
4211,0.01
4212,0.019999999999999997
4213,0.010000000000000002
4214,0.010000000000000002
4215,0.020000000000000004
4216,0.009999999999999995
4217,0.009999999999999995
4218,0.020000000000000004
4219,0.009999999999999995
4220,0.020000000000000018
4221,0.03
4222,0.03
4223,0.06
4224,0.07
4225,0.08999999999999997
4226,0.12000000000000005
4227,0.10999999999999999
4228,0.07999999999999996
4229,0.07000000000000006
4230,0.07999999999999996
4231,0.05999999999999994
4232,0.06000000000000005
4233,0.040000000000000036
4234,0.08000000000000007
4235,0.10999999999999988
4236,0.19999999999999996
4237,0.25
4238,0.27
4239,0.30999999999999983
4240,0.28000000000000025
4241,0.45999999999999996
4242,0.45999999999999996
4243,0.3700000000000001
4244,0.2999999999999998
4245,0.29000000000000004
4246,0.29000000000000004
4247,0.40000000000000036
4248,0.21999999999999975
4249,0.16000000000000014
4250,0.21999999999999975
4251,0.3700000000000001
4252,0.33999999999999986
4253,0.5600000000000005
4254,0.47999999999999954
4255,0.41000000000000014
4256,0.40999999999999925
4257,0.4300000000000015
4258,0.6199999999999992
4259,0.5999999999999996
4260,0.5700000000000003
4261,0.3699999999999992
4262,0.25
4263,0.3100000000000005
4264,0.34999999999999964
4265,0.1800000000000015
4266,0.23999999999999844
4267,0.28000000000000114
4268,0.2599999999999998
4269,0.27999999999999936
4270,0.25
4271,0.23000000000000043
4272,0.1999999999999993
4273,0.25
4274,0.3100000000000005
4275,0.2599999999999998
4276,0.2900000000000009
4277,0.2400000000000002
4278,0.21999999999999886
4279,0.23000000000000043
4280,0.21000000000000085
4281,0.17999999999999972
4282,0.14999999999999858
4283,0.15000000000000213
4284,0.11999999999999744
4285,0.10000000000000142
4286,0.08999999999999986
4287,0.05999999999999872
4288,0.0400000000000027
4289,0.019999999999999574
4290,0.029999999999997584
4291,0.020000000000003126
4292,0.00999999999999801
4293,0.0
4294,0.0
4295,0.0
4296,0.0
4297,0.0
4298,0.0
4299,0.0
4300,0.0
4301,0.0
4302,0.0
4303,0.0
4304,0.0
4305,0.0
4306,0.0
4307,0.0
4308,0.0
4309,0.0
4310,0.0
4311,0.0
4312,0.0
4313,0.0
4314,0.0
4315,0.0
4316,0.0
4317,0.0
4318,0.0
4319,0.0
4320,0.0
4321,0.0
4322,0.0
4323,0.0
4324,0.0
4325,0.0
4326,0.0
4327,0.0
4328,0.0
4329,0.0
4330,0.0
4331,0.0
4332,0.0
4333,0.0
4334,0.0
4335,0.0
4336,0.0
4337,0.0
4338,0.0
4339,0.0
4340,0.0
4341,0.0
4342,0.0
4343,0.0
4344,0.0
4345,0.0
4346,0.0
4347,0.0
4348,0.0
4349,0.0
4350,0.0
4351,0.0
4352,0.0
4353,0.01
4354,0.01
4355,0.02
4356,0.019999999999999997
4357,0.03
4358,0.04000000000000001
4359,0.04000000000000001
4360,0.06999999999999998
4361,0.08000000000000002
4362,0.12
4363,0.19
4364,0.20999999999999996
4365,0.2300000000000001
4366,0.22999999999999998
4367,0.24
4368,0.31000000000000005
4369,0.1399999999999999
4370,0.15000000000000013
4371,0.11999999999999966
4372,0.18000000000000016
4373,0.18999999999999995
4374,0.16000000000000014
4375,0.18999999999999995
4376,0.20999999999999996
4377,0.2400000000000002
4378,0.22999999999999998
4379,0.22999999999999998
4380,0.2200000000000002
4381,0.23999999999999932
4382,0.3200000000000003
4383,0.3600000000000003
4384,0.4399999999999995
4385,0.4400000000000004
4386,0.29000000000000004
4387,0.2599999999999998
4388,0.29000000000000004
4389,0.2999999999999998
4390,0.40000000000000036
4391,0.5699999999999994
4392,0.6600000000000001
4393,0.5899999999999999
4394,0.5500000000000007
4395,0.40000000000000036
4396,0.5499999999999989
4397,0.5700000000000003
4398,0.4399999999999995
4399,0.6100000000000012
4400,0.4599999999999991
4401,0.6300000000000008
4402,0.4399999999999995
4403,0.5
4404,0.5800000000000001
4405,0.4299999999999997
4406,0.45000000000000107
4407,0.5099999999999998
4408,0.5500000000000007
4409,0.509999999999998
4410,0.4800000000000004
4411,0.4299999999999997
4412,0.4299999999999997
4413,0.4200000000000017
4414,0.379999999999999
4415,0.39000000000000057
4416,0.39000000000000057
4417,0.36999999999999744
4418,0.3100000000000023
4419,0.34999999999999787
4420,0.3000000000000007
4421,0.25
4422,0.26000000000000156
4423,0.23000000000000043
4424,0.1999999999999993
4425,0.259999999999998
4426,0.14000000000000057
4427,0.16000000000000014
4428,0.1700000000000017
4429,0.14000000000000057
4430,0.09999999999999787
4431,0.08999999999999986
4432,0.07000000000000028
4433,0.05000000000000071
4434,0.03999999999999915
4435,0.019999999999999574
4436,0.010000000000001563
4437,0.0
4438,0.0
4439,0.0
4440,0.0
4441,0.0
4442,0.0
4443,0.0
4444,0.0
4445,0.0
4446,0.0
4447,0.0
4448,0.0
4449,0.0
4450,0.0
4451,0.0
4452,0.0
4453,0.0
4454,0.0
4455,0.0
4456,0.0
4457,0.0
4458,0.0
4459,0.0
4460,0.0
4461,0.0
4462,0.0
4463,0.0
4464,0.0
4465,0.0
4466,0.0
4467,0.0
4468,0.0
4469,0.0
4470,0.0
4471,0.0
4472,0.0
4473,0.0
4474,0.0
4475,0.0
4476,0.0
4477,0.0
4478,0.0
4479,0.0
4480,0.0
4481,0.0
4482,0.0
4483,0.0
4484,0.0
4485,0.0
4486,0.0
4487,0.0
4488,0.0
4489,0.0
4490,0.0
4491,0.0
4492,0.0
4493,0.0
4494,0.0
4495,0.0
4496,0.0
4497,0.0
4498,0.0
4499,0.02
4500,0.030000000000000002
4501,0.039999999999999994
4502,0.06
4503,0.07
4504,0.09
4505,0.08000000000000002
4506,0.07
4507,0.10000000000000003
4508,0.10999999999999999
4509,0.12
4510,0.16999999999999993
4511,0.16999999999999993
4512,0.2100000000000002
4513,0.25
4514,0.1399999999999999
4515,0.18999999999999995
4516,0.27
4517,0.25
4518,0.28000000000000025
4519,0.3099999999999996
4520,0.30000000000000027
4521,0.2799999999999998
4522,0.5100000000000002
4523,0.5
4524,0.2999999999999998
4525,0.5800000000000001
4526,0.5099999999999998
4527,0.5
4528,0.5899999999999999
4529,0.6000000000000005
4530,0.6200000000000001
4531,0.5299999999999994
4532,0.5300000000000011
4533,0.4599999999999991
4534,0.5099999999999998
4535,0.5300000000000011
4536,0.5899999999999999
4537,0.5499999999999989
4538,0.3100000000000005
4539,0.3699999999999992
4540,0.6500000000000004
4541,0.6600000000000001
4542,0.6500000000000004
4543,0.5299999999999994
4544,0.6300000000000008
4545,0.5799999999999983
4546,0.6300000000000026
4547,0.5799999999999983
4548,0.5899999999999999
4549,0.5899999999999999
4550,0.5800000000000018
4551,0.5500000000000007
4552,0.5299999999999976
4553,0.5300000000000011
4554,0.509999999999998
4555,0.490000000000002
4556,0.46999999999999886
4557,0.46000000000000085
4558,0.4499999999999993
4559,0.4200000000000017
4560,0.41000000000000014
4561,0.36999999999999744
4562,0.370000000000001
4563,0.33999999999999986
4564,0.3200000000000003
4565,0.3000000000000007
4566,0.28000000000000114
4567,0.25
4568,0.22999999999999687
4569,0.21000000000000085
4570,0.19000000000000128
4571,0.16999999999999815
4572,0.15000000000000213
4573,0.129999999999999
4574,0.10999999999999943
4575,0.08000000000000185
4576,0.07000000000000028
4577,0.04999999999999716
4578,0.030000000000001137
4579,0.019999999999999574
4580,0.010000000000001563
4581,0.00999999999999801
4582,0.0
4583,0.0
4584,0.0
4585,0.0
4586,0.0
4587,0.0
4588,0.0
4589,0.0
4590,0.0
4591,0.0
4592,0.0
4593,0.0
4594,0.0
4595,0.0
4596,0.0
4597,0.0
4598,0.0
4599,0.0
4600,0.0
4601,0.0
4602,0.0
4603,0.0
4604,0.0
4605,0.0
4606,0.0
4607,0.0
4608,0.0
4609,0.0
4610,0.0
4611,0.0
4612,0.0
4613,0.0
4614,0.0
4615,0.0
4616,0.0
4617,0.0
4618,0.0
4619,0.0
4620,0.0
4621,0.0
4622,0.0
4623,0.0
4624,0.0
4625,0.0
4626,0.0
4627,0.0
4628,0.0
4629,0.0
4630,0.0
4631,0.0
4632,0.0
4633,0.0
4634,0.0
4635,0.0
4636,0.0
4637,0.0
4638,0.0
4639,0.0
4640,0.0
4641,0.01
4642,0.019999999999999997
4643,0.03
4644,0.04000000000000001
4645,0.04999999999999999
4646,0.07
4647,0.07999999999999999
4648,0.09000000000000002
4649,0.12
4650,0.13
4651,0.16000000000000003
4652,0.16999999999999993
4653,0.18999999999999995
4654,0.21999999999999997
4655,0.2300000000000002
4656,0.25
4657,0.24
4658,0.25
4659,0.33999999999999986
4660,0.33999999999999986
4661,0.3400000000000003
4662,0.3899999999999997
4663,0.40000000000000036
4664,0.3899999999999997
4665,0.3600000000000003
4666,0.3799999999999999
4667,0.47999999999999954
4668,0.5100000000000007
4669,0.5299999999999994
4670,0.4800000000000004
4671,0.33999999999999986
4672,0.3100000000000005
4673,0.27000000000000046
4674,0.5299999999999994
4675,0.5800000000000001
4676,0.6500000000000004
4677,0.5899999999999999
4678,0.6099999999999994
4679,0.27999999999999936
4680,0.41999999999999993
4681,0.4900000000000002
4682,0.5400000000000009
4683,0.3200000000000003
4684,0.5199999999999996
4685,0.2599999999999998
4686,0.5099999999999998
4687,0.370000000000001
4688,0.16999999999999993
4689,0.16000000000000014
4690,0.4599999999999991
4691,0.5999999999999996
4692,0.21999999999999886
4693,0.21000000000000085
4694,0.5
4695,0.22000000000000242
4696,0.11999999999999744
4697,0.41000000000000014
4698,0.5899999999999999
4699,0.5300000000000011
4700,0.5399999999999991
4701,0.370000000000001
4702,0.21999999999999886
4703,0.15000000000000213
4704,0.17999999999999972
4705,0.18999999999999773
4706,0.23000000000000043
4707,0.28000000000000114
4708,0.28999999999999915
4709,0.10000000000000142
4710,0.07000000000000028
4711,0.04999999999999716
4712,0.030000000000001137
4713,0.030000000000001137
4714,0.019999999999999574
4715,0.03999999999999915
4716,0.060000000000002274
4717,0.04999999999999716
4718,0.05000000000000071
4719,0.019999999999999574
4720,0.030000000000001137
4721,0.030000000000001137
4722,0.019999999999999574
4723,0.019999999999999574
4724,0.00999999999999801
4725,0.010000000000001563
4726,0.0
4727,0.0
4728,0.0
4729,0.0
4730,0.0
4731,0.0
4732,0.0
4733,0.0
4734,0.0
4735,0.0
4736,0.0
4737,0.0
4738,0.0
4739,0.0
4740,0.0
4741,0.0
4742,0.0
4743,0.0
4744,0.0
4745,0.0
4746,0.0
4747,0.0
4748,0.0
4749,0.0
4750,0.0
4751,0.0
