X00,X01,X02,X03,X04,X05,X06,X07,X08,X09,X10,X11,X12,X13,X14,X15,X16,X17,X18,X19,X20,X21,X22,X23,X24,X25,X26,X27,X28,X29,X30,X31,X32,X33,X34,X35,X36,X37,X38,X39,time,day
19.3,987.7,0.9,2.2,0.0,1007.7,988.0,20.8,1007.8,1007.4,0.0,0.0,93.2,162.5,0.0,312.8,0.0,0.0,0.5,0.0,87.0,0.0,1001.1,1008.2,1.1,257.5,0.0,1006.7,21.0,1000.1,87.6,18.0,18.7,1008.3,0.0,353.5,0.0,84.0,77.6,0.0,0,30
19.0,987.6,1.9,2.2,0.0,1007.7,988.0,20.6,1007.8,1007.4,0.0,0.0,93.7,317.4,0.0,308.9,0.0,0.0,0.1,0.0,89.2,0.0,1001.1,1008.2,0.4,262.5,0.1,1006.7,20.7,1000.1,86.4,17.7,19.0,1008.3,0.0,303.1,0.0,84.4,79.2,0.0,1,30
19.1,987.6,2.0,1.4,0.0,1007.8,988.1,20.5,1007.9,1007.4,0.0,0.0,93.6,0.0,0.0,294.1,0.0,0.0,0.0,0.0,89.2,0.0,1001.2,1008.2,0.1,343.5,0.0,1006.7,20.7,1000.1,85.7,17.4,19.2,1008.3,0.0,307.3,0.0,84.9,79.9,0.0,2,30
19.2,987.7,1.8,1.5,0.0,1007.9,988.1,20.5,1007.9,1007.5,0.0,0.0,93.7,0.0,0.0,297.6,0.0,0.0,0.0,0.0,89.8,0.0,1001.3,1008.2,0.0,0.0,0.0,1006.8,20.6,1000.1,85.1,17.5,19.3,1008.4,0.0,315.6,0.0,84.9,80.7,0.0,3,30
19.2,987.8,1.4,1.4,0.0,1007.9,988.1,20.5,1007.8,1007.6,0.0,0.0,93.9,0.0,0.0,277.4,0.0,0.0,0.0,0.0,89.7,0.0,1001.3,1008.3,0.0,0.0,0.0,1006.8,20.5,1000.2,84.9,17.4,19.5,1008.4,0.0,321.2,0.0,84.9,80.9,0.0,4,30
19.0,987.9,1.5,1.2,0.0,1007.8,988.1,20.4,1008.0,1007.7,0.0,0.0,94.0,26.0,0.0,292.4,0.0,0.0,0.3,0.0,90.4,0.0,1001.2,1008.3,0.0,0.0,0.0,1006.8,20.5,1000.2,84.9,17.4,19.6,1008.4,0.0,287.4,0.0,85.2,81.3,0.0,5,30
19.1,987.9,1.2,1.0,0.0,1007.8,988.1,20.3,1008.0,1007.7,0.0,0.0,93.9,264.8,0.0,271.3,0.0,328.0,0.1,0.0,90.2,0.0,1001.2,1008.3,0.0,0.0,0.6,1006.7,20.5,1000.2,83.6,17.3,19.8,1008.3,0.0,330.5,0.0,85.2,80.8,0.0,6,30
19.3,987.8,0.7,0.6,0.0,1007.8,988.1,20.4,1008.0,1007.6,0.0,0.0,94.3,0.0,0.0,280.9,0.0,350.5,0.0,0.0,88.9,0.0,1001.2,1008.4,0.0,0.0,0.8,1006.8,20.5,1000.3,84.0,17.3,19.7,1008.4,0.0,352.3,0.0,85.2,80.8,0.0,7,30
19.1,987.7,2.7,0.1,0.0,1007.7,988.1,20.4,1008.0,1007.5,0.0,0.0,94.6,267.8,0.0,269.2,0.0,330.6,0.7,0.0,89.7,0.0,1001.1,1008.3,0.0,0.0,0.7,1006.8,20.5,1000.2,83.9,17.5,19.7,1008.4,0.0,305.1,0.0,85.3,80.6,0.0,8,30
18.8,987.7,1.2,0.8,0.0,1007.6,988.1,20.4,1008.0,1007.5,0.0,0.0,93.6,221.3,0.0,287.4,0.0,340.6,0.8,0.0,91.2,0.0,1001.0,1008.3,0.0,0.0,0.7,1006.8,20.3,1000.2,85.1,17.4,19.6,1008.4,0.0,306.1,0.0,85.0,80.9,0.0,9,30
18.8,987.6,2.0,0.6,0.0,1007.6,988.1,20.4,1007.8,1007.4,0.0,0.0,93.0,216.1,0.0,272.5,0.0,340.3,0.8,0.0,91.5,0.0,1001.0,1008.2,0.3,272.8,0.9,1006.8,20.2,1000.1,85.6,17.5,19.5,1008.4,0.0,303.6,0.0,85.0,81.7,0.0,10,30
18.6,987.5,1.2,0.8,0.0,1007.6,988.0,20.4,1007.8,1007.3,0.0,0.0,92.6,270.8,0.0,297.6,0.0,273.1,0.7,0.0,93.1,0.0,1001.0,1008.2,0.5,268.5,0.1,1006.7,20.1,1000.1,86.1,17.3,19.4,1008.3,0.0,261.5,0.0,84.9,82.3,0.0,11,30
18.2,987.5,1.4,1.3,0.0,1007.5,988.0,20.4,1007.7,1007.3,0.0,0.0,93.4,269.8,0.0,283.0,0.0,0.0,0.5,0.0,94.0,0.0,1000.9,1008.0,0.1,237.8,0.0,1006.6,20.0,999.9,86.0,17.1,19.5,1008.2,0.0,271.1,0.0,84.9,83.2,0.0,12,30
18.0,987.5,1.8,1.0,0.0,1007.4,987.9,20.4,1007.8,1007.3,0.0,0.0,94.2,242.7,0.0,280.1,0.0,0.0,0.7,0.0,95.3,0.0,1000.8,1008.0,0.0,0.0,0.0,1006.6,19.8,999.9,86.0,17.4,19.6,1008.2,0.0,238.8,0.0,85.1,83.5,0.0,13,30
18.0,987.4,0.5,0.7,0.0,1007.2,987.9,20.4,1007.8,1007.2,0.0,0.0,93.8,215.8,0.0,281.4,0.0,0.0,0.6,0.0,96.0,0.0,1000.6,1008.0,0.0,0.0,0.0,1006.7,19.7,999.9,85.7,17.1,19.6,1008.3,0.0,254.4,0.0,85.2,84.2,0.0,14,30
17.7,987.2,0.2,0.8,0.0,1007.0,987.9,20.4,1007.8,1007.1,0.0,0.0,93.8,0.0,0.0,265.2,0.0,0.0,0.1,0.0,96.4,0.0,1000.4,1007.9,0.3,258.1,0.0,1006.8,19.7,999.8,85.6,16.8,19.6,1008.4,0.0,253.3,0.0,85.1,84.6,0.0,15,30
17.8,987.2,0.8,0.4,0.0,1007.1,988.0,20.3,1007.9,1007.1,0.0,0.0,94.3,46.2,0.0,213.9,0.0,0.0,0.9,0.0,96.5,0.0,1000.5,1007.9,1.1,289.6,0.0,1006.6,19.7,999.8,85.3,16.7,19.7,1008.2,0.0,271.5,0.0,85.4,84.7,0.0,16,30
17.6,987.3,1.1,0.8,0.0,1007.2,988.0,20.2,1007.9,1007.2,0.0,0.0,94.7,69.5,0.0,248.6,0.0,0.0,0.7,0.0,97.0,0.0,1000.6,1007.9,0.8,277.5,0.0,1006.4,19.7,999.8,84.2,16.7,19.7,1008.0,0.0,273.9,0.0,85.8,84.4,0.0,17,30
17.4,987.3,1.1,0.0,0.0,1007.3,987.8,20.1,1007.7,1007.2,0.0,0.0,94.6,0.0,0.0,252.1,0.0,0.0,0.0,0.0,97.2,0.0,1000.7,1007.8,0.5,265.5,0.0,1006.3,19.7,999.7,83.9,16.6,19.6,1007.9,0.0,244.3,0.0,86.4,84.2,0.0,18,30
17.4,987.5,0.5,0.6,0.0,1007.5,987.8,20.0,1007.6,1007.4,0.0,0.0,94.9,242.6,0.0,260.6,0.0,0.0,0.6,0.0,97.9,0.0,1000.9,1007.7,0.3,264.1,0.1,1006.4,19.8,999.6,84.7,16.4,19.3,1008.0,0.0,243.5,0.0,86.8,83.8,0.0,19,30
17.4,987.6,0.6,0.7,0.0,1007.6,987.8,19.9,1007.6,1007.5,0.0,0.0,95.2,0.0,0.0,278.2,0.0,0.0,0.0,0.0,97.9,0.0,1001.0,1007.8,0.7,260.2,0.0,1006.4,19.7,999.7,84.3,16.6,19.2,1008.0,0.0,214.1,0.0,87.2,84.3,0.0,20,30
17.2,987.8,0.4,1.1,0.0,1007.6,987.8,19.9,1007.6,1007.7,0.0,0.0,95.2,248.3,0.0,240.2,0.0,0.0,0.6,0.0,97.9,0.0,1001.0,1008.0,0.8,286.2,0.0,1006.4,19.7,999.9,85.1,16.6,19.1,1008.0,0.0,253.0,0.0,87.4,84.4,0.0,21,30
17.4,987.8,0.2,0.5,0.0,1007.6,987.9,19.9,1007.7,1007.7,0.0,0.0,95.4,0.0,0.0,306.6,0.0,0.0,0.0,0.0,97.9,0.0,1001.0,1008.0,0.0,0.0,0.0,1006.5,19.6,999.9,85.0,16.6,19.0,1008.1,0.0,236.7,0.0,87.7,84.4,0.0,22,30
17.2,987.7,0.5,0.8,0.0,1007.7,987.9,19.9,1007.7,1007.6,0.0,0.0,95.6,0.0,0.0,280.0,0.0,0.0,0.1,0.0,97.9,0.0,1001.1,1008.1,0.2,280.1,0.1,1006.6,19.6,1000.0,85.8,16.8,19.0,1008.2,0.0,250.4,0.0,87.9,85.1,0.0,23,30
17.1,987.7,0.5,0.3,0.0,1007.7,987.9,19.9,1007.7,1007.6,0.0,0.0,95.5,121.8,0.0,237.8,0.0,0.0,0.8,0.0,97.9,0.0,1001.1,1008.2,0.7,353.8,0.0,1006.7,19.3,1000.1,85.2,16.9,18.9,1008.3,0.0,334.2,0.0,87.8,85.8,0.0,24,30
17.0,987.7,1.1,0.3,0.0,1007.8,988.0,19.9,1007.8,1007.6,0.0,0.0,95.2,352.2,0.0,271.7,0.0,0.0,0.5,0.0,97.9,0.0,1001.2,1008.1,0.2,55.6,0.0,1006.8,19.5,1000.0,85.7,16.9,18.9,1008.4,0.0,271.2,0.0,87.6,86.1,0.0,25,30
17.0,987.8,1.2,0.7,0.0,1007.8,988.0,19.9,1007.8,1007.7,0.0,0.0,95.1,0.0,0.0,303.8,0.0,0.0,0.0,0.0,97.9,0.0,1001.2,1008.3,0.7,101.4,0.0,1006.9,19.5,1000.2,85.3,16.8,18.9,1008.5,0.0,251.9,0.0,87.8,86.1,0.0,26,30
16.9,987.9,1.0,0.9,0.0,1007.9,988.2,19.8,1008.0,1007.8,0.0,0.0,95.4,212.5,0.0,306.1,0.0,75.7,0.6,0.0,97.9,0.0,1001.3,1008.3,0.0,0.0,0.3,1006.8,19.7,1000.2,86.4,16.6,18.9,1008.4,0.0,306.7,0.0,88.2,85.9,0.0,27,30
16.7,987.9,0.9,1.7,0.0,1007.9,988.3,19.6,1008.1,1007.8,0.0,0.0,95.4,241.4,0.0,312.1,0.0,0.0,0.6,0.0,97.9,0.0,1001.3,1008.3,0.3,283.5,0.0,1006.8,19.7,1000.2,86.9,16.6,18.9,1008.4,0.0,336.0,0.0,88.5,85.7,0.0,28,30
16.5,988.0,0.3,0.0,0.0,1007.8,988.3,19.5,1008.1,1007.9,0.0,0.0,95.7,216.1,0.0,24.9,0.0,0.0,0.6,0.0,97.9,0.0,1001.2,1008.3,0.0,0.0,0.1,1006.9,19.8,1000.2,86.4,16.7,18.9,1008.5,0.0,304.0,0.0,88.8,85.5,0.0,29,30
16.8,987.9,0.4,0.3,0.0,1007.8,988.3,19.4,1008.1,1007.8,0.0,0.0,95.7,0.0,0.0,310.1,0.0,230.0,0.0,0.0,97.9,0.0,1001.2,1008.4,0.0,0.0,0.1,1007.0,19.7,1000.3,86.7,16.8,18.9,1008.6,0.0,321.6,0.0,89.2,85.7,0.0,30,30
16.8,988.0,0.6,0.6,0.0,1007.8,988.2,19.4,1008.0,1007.9,0.0,0.0,95.8,52.3,0.0,284.6,0.0,0.0,0.1,0.0,97.9,0.0,1001.2,1008.4,0.1,0.0,0.0,1007.0,19.8,1000.3,85.1,17.0,19.0,1008.6,0.0,296.0,0.0,89.5,85.6,0.0,31,30
16.8,988.1,1.1,0.7,0.0,1007.8,988.3,19.3,1008.1,1008.0,0.0,0.0,95.8,24.5,0.0,293.1,0.0,318.3,0.3,0.0,97.9,0.0,1001.2,1008.5,0.3,250.6,0.8,1007.1,20.1,1000.4,85.8,17.1,19.0,1008.7,0.0,38.5,0.0,90.1,83.3,0.0,32,30
16.8,988.1,1.4,0.6,0.0,1007.8,988.3,19.2,1008.1,1007.9,0.0,0.0,95.7,19.2,0.0,293.2,0.0,57.6,0.8,0.0,97.9,0.0,1001.2,1008.5,0.0,0.0,0.2,1007.0,20.2,1000.4,85.8,17.3,19.0,1008.6,0.0,11.3,0.0,90.6,82.6,0.0,33,30
16.8,988.1,0.3,0.0,0.0,1007.8,988.4,19.2,1008.2,1007.9,0.0,0.01,95.7,350.2,0.0,303.5,0.0,326.9,0.6,0.0,97.9,0.0,1001.2,1008.5,0.1,0.0,0.3,1007.0,20.2,1000.4,85.8,17.4,19.0,1008.6,0.01,0.0,0.0,90.9,83.2,0.0,34,30
16.8,988.1,0.9,1.4,0.0,1007.9,988.4,19.3,1008.2,1007.9,0.0,0.02,95.2,0.0,0.0,272.6,0.0,359.9,0.0,0.0,97.9,0.0,1001.3,1008.4,0.3,267.2,1.1,1006.9,20.2,1000.3,85.3,17.5,19.1,1008.5,0.02,62.2,0.0,90.3,82.1,0.0,35,30
17.3,988.1,0.7,0.4,0.0,1007.8,988.4,19.3,1008.2,1007.9,0.0,0.05,95.0,21.3,0.0,202.2,0.0,326.8,0.7,0.0,97.9,0.0,1001.2,1008.4,0.1,0.0,1.4,1007.0,20.2,1000.3,84.7,17.7,19.2,1008.6,0.04,61.2,0.0,90.3,81.5,0.0,36,30
17.5,988.0,0.2,1.4,0.0,1007.7,988.4,19.4,1008.2,1007.7,0.0,0.07,94.6,76.7,0.0,179.5,0.0,349.5,0.5,0.0,97.9,0.0,1001.1,1008.5,0.3,235.8,0.8,1007.0,20.3,1000.4,84.2,18.1,19.3,1008.6,0.06,163.3,0.0,89.8,81.9,0.0,37,30
17.7,988.0,0.2,1.0,0.0,1007.7,988.4,19.5,1008.2,1007.7,0.0,0.11,92.7,0.0,0.0,155.6,0.0,333.5,0.0,0.0,97.9,0.0,1001.1,1008.5,0.6,333.7,0.7,1007.0,20.3,1000.4,83.4,18.3,19.4,1008.6,0.09,197.5,0.0,89.3,81.1,0.0,38,30
18.0,988.0,0.4,1.4,0.0,1007.6,988.5,19.6,1008.3,1007.7,0.0,0.18,90.0,128.5,0.0,211.8,0.0,355.0,0.3,0.0,97.2,0.0,1001.0,1008.4,0.8,291.4,0.7,1007.2,20.3,1000.3,82.5,18.5,19.5,1008.8,0.13,260.2,0.0,89.2,82.0,0.0,39,30
18.2,988.0,0.3,1.7,0.0,1007.6,988.5,19.7,1008.3,1007.7,0.0,0.27,89.3,30.0,0.0,247.2,0.0,323.2,0.8,0.0,95.5,0.0,1001.0,1008.4,0.3,268.9,0.9,1007.2,20.1,1000.3,83.3,18.7,19.5,1008.8,0.17,265.7,0.0,88.4,83.1,0.0,40,30
18.6,987.8,0.0,2.0,0.0,1007.5,988.4,19.9,1008.3,1007.4,0.0,0.34,87.6,25.5,0.0,0.0,0.0,354.3,1.0,0.0,93.6,0.0,1000.9,1008.5,0.3,287.0,0.4,1007.2,19.8,1000.3,82.7,19.1,19.8,1008.8,0.24,269.8,0.0,87.8,84.5,0.0,41,30
18.9,987.7,0.1,2.5,0.0,1007.6,988.4,20.0,1008.3,1007.3,0.0,0.44,85.5,41.6,0.0,169.5,0.0,27.1,0.8,0.0,93.0,0.0,1001.0,1008.3,0.5,222.8,0.9,1007.2,20.1,1000.2,80.6,19.4,20.1,1008.8,0.32,244.3,0.0,87.3,84.1,0.0,42,30
18.9,987.8,0.3,1.5,0.0,1007.6,988.4,20.3,1008.3,1007.4,0.0,0.56,83.4,23.9,0.0,198.7,0.0,340.3,0.5,0.0,91.6,0.0,1001.0,1008.2,0.0,0.0,1.1,1007.1,20.2,1000.1,79.4,19.5,20.1,1008.7,0.44,262.1,0.0,86.6,83.9,0.0,43,30
19.4,987.9,0.4,1.8,0.0,1007.8,988.3,20.6,1008.1,1007.6,0.0,0.68,82.8,13.8,0.0,238.1,0.0,304.1,1.1,0.0,90.1,0.0,1001.2,1008.3,0.4,230.1,0.3,1007.2,20.2,1000.2,78.1,19.9,20.4,1008.8,0.63,262.5,0.0,84.3,83.1,0.0,44,30
20.2,988.1,0.4,1.3,0.0,1008.0,988.4,20.9,1008.2,1007.8,0.0,0.79,83.1,306.1,0.0,94.3,0.0,212.1,0.9,0.0,85.7,0.0,1001.4,1008.3,0.4,277.8,1.3,1007.2,20.2,1000.2,75.8,19.8,20.6,1008.8,0.84,251.1,0.0,82.5,83.3,0.0,45,30
20.3,988.1,1.0,0.5,0.0,1008.1,988.3,21.3,1008.1,1007.8,0.0,0.86,81.6,290.5,0.0,97.0,0.0,246.5,1.1,0.0,84.8,0.0,1001.5,1008.3,0.3,29.2,1.7,1007.2,20.2,1000.2,74.8,20.3,21.1,1008.8,1.07,205.8,0.0,82.2,83.2,0.0,46,30
20.3,988.2,0.6,0.5,0.0,1008.2,988.4,21.4,1008.1,1007.8,0.0,0.92,81.1,288.3,0.0,151.9,0.0,276.0,1.5,0.0,85.5,0.0,1001.6,1008.5,1.9,338.8,1.7,1007.2,20.3,1000.4,73.3,20.6,21.3,1008.8,1.3,226.3,0.0,80.2,82.9,0.0,47,30
20.9,988.3,0.0,1.9,0.0,1008.4,988.5,21.6,1008.3,1007.9,0.0,1.0,78.2,238.9,0.0,0.0,0.0,279.5,0.8,0.0,81.7,0.0,1001.8,1008.6,1.0,80.6,1.2,1007.2,20.6,1000.5,75.2,20.8,20.7,1008.8,1.54,264.2,0.0,79.5,82.6,0.0,48,30
21.4,988.4,0.3,1.3,0.0,1008.3,988.6,22.3,1008.3,1008.0,0.0,1.14,77.9,210.3,0.0,11.3,0.0,242.5,1.2,0.0,78.9,0.0,1001.7,1008.7,0.3,6.6,0.8,1007.2,20.8,1000.7,74.6,21.1,21.2,1008.8,1.85,225.1,0.0,78.0,80.9,0.0,49,30
21.6,988.4,0.7,0.5,0.0,1008.4,988.8,22.2,1008.5,1007.9,0.0,1.29,74.8,202.8,0.0,87.4,0.0,143.4,1.6,0.0,76.3,0.0,1001.8,1008.8,0.5,353.5,1.2,1007.2,21.0,1000.8,73.7,21.6,21.3,1008.7,1.99,208.8,0.0,76.4,79.5,0.0,50,30
22.0,988.4,0.0,1.4,0.0,1008.5,988.8,22.1,1008.5,1007.9,0.0,1.44,75.2,207.0,0.0,0.0,0.0,224.7,0.8,0.0,76.2,0.0,1001.9,1008.8,2.1,13.7,1.3,1007.1,21.5,1000.7,73.6,21.6,21.3,1008.6,2.14,239.7,0.0,76.2,79.0,0.0,51,30
21.6,988.5,0.0,0.7,0.0,1008.3,988.6,22.2,1008.3,1007.9,0.0,1.55,69.1,264.9,0.0,0.0,0.0,276.3,0.9,0.0,74.0,0.0,1001.7,1008.6,1.3,33.7,0.5,1007.1,21.2,1000.6,72.8,22.6,21.4,1008.6,2.26,280.7,0.0,76.4,78.7,0.0,52,30
22.5,988.3,0.0,1.3,0.0,1008.3,988.6,22.4,1008.3,1007.8,0.0,1.69,71.7,237.9,0.0,0.0,0.0,200.6,2.3,0.0,71.4,0.0,1001.7,1008.5,2.6,24.7,1.0,1007.1,21.6,1000.5,71.8,22.1,21.8,1008.6,2.44,284.4,0.0,76.0,76.5,0.0,53,30
22.3,988.1,1.8,0.6,0.0,1008.2,988.5,22.4,1008.2,1007.6,0.0,1.8,72.2,222.4,0.0,336.8,0.0,95.5,2.3,0.0,73.1,0.0,1001.6,1008.4,1.5,333.5,0.6,1007.1,21.6,1000.4,69.5,21.7,21.7,1008.6,2.63,247.5,0.0,76.1,77.3,0.0,54,30
22.2,988.2,1.5,0.3,0.0,1008.0,988.6,22.3,1008.3,1007.7,0.0,1.99,73.2,221.4,0.0,325.2,0.0,298.4,1.3,0.0,71.7,0.0,1001.4,1008.4,1.9,356.7,1.7,1007.0,21.9,1000.4,68.9,21.7,21.8,1008.5,2.79,2.4,0.0,76.1,75.6,0.0,55,30
23.0,988.2,0.2,1.6,0.0,1007.8,988.6,22.4,1008.2,1007.7,0.0,2.21,73.7,199.5,0.0,295.5,0.0,242.5,1.4,0.0,67.9,0.0,1001.3,1008.4,0.1,166.3,1.2,1007.0,22.3,1000.4,67.7,21.9,22.2,1008.5,2.98,247.5,0.0,76.4,72.1,0.0,56,30
24.1,988.0,0.0,1.0,0.0,1007.8,988.5,22.6,1008.0,1007.5,0.0,2.45,71.9,163.5,0.0,0.0,0.0,43.5,0.9,0.0,65.7,0.0,1001.3,1008.4,0.7,123.6,0.6,1007.0,22.7,1000.4,64.5,22.1,23.0,1008.5,3.19,267.8,0.0,76.2,70.5,0.0,57,30
23.5,988.0,0.0,0.7,0.0,1007.9,988.6,23.0,1008.2,1007.4,0.0,2.65,69.7,141.8,0.0,0.0,0.0,24.1,1.4,0.0,66.5,0.0,1001.4,1008.4,1.0,281.3,1.7,1007.0,23.0,1000.4,64.0,22.5,22.5,1008.5,3.43,290.7,0.0,74.8,69.6,0.0,58,30
23.3,988.1,1.8,1.8,0.0,1008.0,988.5,23.0,1008.1,1007.6,0.0,2.94,70.6,174.9,0.0,293.4,0.0,10.0,1.4,0.0,66.5,0.0,1001.5,1008.5,1.4,215.3,1.2,1007.0,23.3,1000.5,65.2,22.3,22.2,1008.5,3.66,285.0,0.0,74.5,67.3,0.0,59,30
23.7,988.3,1.0,1.0,0.0,1007.9,988.6,23.1,1008.2,1007.7,0.0,3.24,69.8,210.1,0.0,330.1,0.0,70.6,1.7,0.0,66.4,0.0,1001.4,1008.5,1.1,19.0,0.9,1007.0,23.8,1000.5,64.6,22.7,22.8,1008.5,3.89,321.8,0.0,74.8,65.1,0.0,60,30
23.6,988.2,0.0,1.4,0.0,1007.8,988.4,23.1,1007.9,1007.6,0.0,3.46,68.4,194.7,0.0,0.0,0.0,359.5,0.5,0.0,63.8,0.0,1001.3,1008.4,1.4,330.7,1.4,1006.9,23.7,1000.4,62.3,23.1,23.5,1008.4,4.11,341.5,0.0,73.4,64.9,0.0,61,30
24.5,988.1,0.0,0.0,0.0,1007.9,988.4,23.4,1007.9,1007.5,0.0,3.72,69.0,274.2,0.0,0.0,0.0,138.5,0.8,0.0,61.7,0.0,1001.4,1008.6,1.8,293.6,1.4,1007.0,23.5,1000.6,63.3,22.7,23.8,1008.5,4.35,331.1,0.0,72.6,63.2,0.0,62,30
24.7,988.1,0.6,2.5,0.0,1007.8,988.5,23.6,1007.9,1007.5,0.0,3.99,68.5,209.2,0.0,287.9,0.0,286.5,1.9,0.0,63.1,0.0,1001.3,1008.4,0.4,195.8,1.4,1006.9,24.1,1000.4,61.7,22.6,24.1,1008.4,4.67,269.1,0.0,71.1,62.8,0.0,63,30
24.2,988.2,1.5,1.9,0.0,1007.8,988.5,23.9,1007.9,1007.6,0.0,4.34,67.3,148.5,0.0,302.5,0.0,13.5,0.8,0.0,63.6,0.0,1001.3,1008.5,2.3,335.3,0.6,1006.8,24.1,1000.5,59.0,23.0,24.3,1008.3,5.03,230.7,0.0,70.8,62.6,0.0,64,30
24.3,988.2,0.4,2.1,0.0,1007.8,988.4,24.2,1007.9,1007.6,0.0,4.65,67.6,214.8,0.0,168.6,0.0,248.3,0.9,0.0,64.0,0.0,1001.3,1008.3,0.5,62.2,1.3,1006.7,24.5,1000.3,62.0,22.9,23.5,1008.2,5.47,303.3,0.0,68.1,59.8,0.0,65,30
23.8,988.1,0.3,1.1,0.0,1007.6,988.3,24.7,1007.8,1007.4,0.0,4.86,66.0,203.1,0.0,341.0,0.0,152.6,1.2,0.0,66.2,0.0,1001.1,1008.1,0.3,146.7,1.3,1006.6,24.2,1000.2,56.9,24.1,24.7,1008.1,5.91,273.7,0.0,66.8,62.1,0.0,66,30
23.9,987.9,0.7,1.2,0.0,1007.6,988.2,24.8,1007.7,1007.2,0.0,5.07,66.6,167.8,0.0,275.8,0.0,168.4,0.8,0.0,66.5,0.0,1001.1,1008.1,1.8,284.0,1.4,1006.5,24.3,1000.2,58.6,23.6,24.8,1008.0,6.2,203.9,0.0,67.2,61.1,0.0,67,30
24.0,987.8,0.1,0.1,0.0,1007.4,988.1,24.4,1007.6,1007.1,0.0,5.32,65.4,134.4,0.0,0.0,0.0,135.6,1.0,0.0,66.1,0.0,1000.9,1007.9,2.3,348.9,1.5,1006.5,24.3,1000.0,58.3,23.3,25.2,1008.0,6.46,357.2,0.0,64.9,60.5,0.0,68,30
24.4,987.6,0.1,1.7,0.0,1007.2,987.9,24.6,1007.4,1007.0,0.0,5.61,62.8,18.2,0.0,235.1,0.0,218.3,2.1,0.0,65.8,0.0,1000.7,1007.8,1.9,298.2,1.2,1006.5,24.5,999.9,58.7,24.7,25.2,1008.0,6.75,162.8,0.0,65.3,59.6,0.0,69,30
24.7,987.5,0.0,0.9,0.0,1007.2,987.9,24.8,1007.4,1006.7,0.0,5.86,64.1,191.6,0.0,0.0,0.0,161.0,1.6,0.0,64.2,0.0,1000.7,1007.8,0.7,257.1,1.7,1006.4,24.9,999.9,58.5,24.4,24.8,1007.9,7.05,117.6,0.0,64.9,58.0,0.0,70,30
25.1,987.5,0.3,1.1,0.0,1007.0,987.8,25.0,1007.3,1006.7,0.0,6.13,62.9,66.7,0.0,308.7,0.0,139.7,0.9,0.0,60.1,0.0,1000.5,1007.8,1.2,236.9,1.5,1006.1,25.3,999.8,56.3,24.1,25.3,1007.6,7.45,279.5,0.0,63.2,57.0,0.0,71,30
25.1,987.4,0.0,1.9,0.0,1007.0,987.6,25.4,1007.0,1006.7,0.0,6.5,60.1,141.1,0.0,0.0,0.0,163.4,1.4,0.0,61.6,0.0,1000.5,1007.7,0.6,21.5,2.1,1006.0,25.5,999.7,55.1,24.9,25.6,1007.5,8.02,293.7,0.0,62.0,57.6,0.0,72,30
25.5,987.3,0.4,1.5,0.0,1007.0,987.3,25.6,1006.7,1006.6,0.0,7.13,59.5,152.3,0.0,105.2,0.0,167.4,1.0,0.0,59.4,0.0,1000.5,1007.4,2.0,343.6,1.3,1006.1,26.5,999.4,57.4,25.5,25.7,1007.6,8.68,331.9,0.0,60.5,53.5,0.0,73,30
25.5,987.2,0.7,1.9,0.0,1006.7,987.2,26.1,1006.6,1006.5,0.0,7.69,57.8,199.2,0.0,145.6,0.0,178.7,1.0,0.0,59.4,0.0,1000.2,1007.1,1.5,256.2,1.6,1006.1,26.3,999.2,56.0,25.6,25.5,1007.6,9.27,358.8,0.0,60.0,52.9,0.0,74,30
26.0,987.0,2.0,1.7,0.0,1006.6,987.2,26.6,1006.6,1006.2,0.0,8.31,55.7,122.7,0.0,182.3,0.0,186.5,1.4,0.0,56.3,0.0,1000.1,1007.1,2.4,353.4,1.1,1006.0,26.6,999.2,57.1,26.2,25.4,1007.5,9.82,318.1,0.0,59.4,53.2,0.0,75,30
26.6,986.8,0.9,2.1,0.0,1006.7,987.2,26.4,1006.6,1006.1,0.0,8.92,58.1,140.8,0.0,174.1,0.0,209.4,1.4,0.0,54.8,0.0,1000.2,1007.1,1.6,183.9,3.8,1005.8,26.6,999.2,55.5,25.6,25.9,1007.3,10.22,288.8,0.0,59.6,52.8,0.0,76,30
26.3,986.8,2.1,2.4,0.0,1006.4,987.1,26.4,1006.4,1006.0,0.0,9.59,56.5,123.1,0.0,234.0,0.0,213.7,1.8,0.0,56.5,0.0,1000.0,1007.0,1.9,274.0,2.6,1005.8,27.3,999.1,53.4,26.2,27.2,1007.3,10.77,286.1,0.0,60.0,50.2,0.0,77,30
25.7,986.7,0.3,2.7,0.0,1006.2,987.0,26.7,1006.3,1006.0,0.0,10.22,57.2,251.8,0.0,259.8,0.0,254.3,1.6,0.0,56.2,0.0,999.8,1006.9,2.4,291.2,1.8,1005.9,27.3,999.0,54.0,25.6,26.6,1007.4,11.34,261.7,0.0,58.6,52.1,0.0,78,30
25.5,986.6,0.6,1.6,0.0,1006.4,986.9,27.0,1006.3,1005.8,0.0,10.81,57.0,244.0,0.0,177.7,0.0,349.1,1.7,0.0,56.9,0.0,1000.0,1006.9,2.6,332.0,1.7,1005.9,26.7,999.0,55.0,26.2,26.2,1007.4,11.78,327.1,0.0,59.5,51.7,0.0,79,30
26.4,986.6,0.4,2.6,0.0,1006.2,987.0,27.4,1006.3,1005.8,0.0,11.31,56.9,194.5,0.0,202.5,0.0,56.0,3.3,0.0,56.0,0.0,999.8,1007.0,2.4,0.4,0.9,1005.8,27.3,999.1,54.6,26.1,26.8,1007.3,12.39,268.6,0.0,57.5,51.5,0.0,80,30
26.5,986.5,0.4,0.3,0.0,1006.3,986.9,27.2,1006.2,1005.7,0.0,11.75,54.7,198.9,0.0,269.5,0.0,215.9,1.1,0.0,57.2,0.0,999.8,1007.0,1.4,327.1,2.3,1005.7,26.6,999.1,54.7,26.7,26.7,1007.2,12.85,191.7,0.0,57.3,51.1,0.0,81,30
26.4,986.6,1.3,2.3,0.0,1006.2,987.0,27.4,1006.3,1005.7,0.0,12.18,52.8,157.9,0.0,112.8,0.0,235.3,2.7,0.0,56.3,0.0,999.8,1006.8,2.6,1.8,2.6,1005.6,27.3,998.9,54.7,27.6,27.2,1007.1,13.48,326.7,0.0,56.9,52.6,0.0,82,30
27.0,986.6,1.8,2.6,0.0,1006.0,986.8,27.4,1006.1,1005.7,0.0,12.77,53.4,90.8,0.0,242.0,0.0,208.7,1.3,0.0,54.6,0.0,999.6,1006.7,1.2,279.9,2.2,1005.5,27.4,998.8,55.9,27.4,27.3,1007.0,13.92,261.1,0.0,56.8,51.1,0.0,83,30
27.6,986.5,0.6,1.4,0.0,1005.9,986.7,27.3,1006.0,1005.6,0.0,13.31,54.7,208.4,0.0,6.7,0.0,247.4,1.9,0.0,52.4,0.0,999.5,1006.7,1.7,311.7,1.3,1005.2,27.5,998.8,53.6,27.4,27.1,1006.7,14.42,241.7,0.0,56.7,49.9,0.0,84,30
27.7,986.4,1.9,2.7,0.0,1005.9,986.5,27.7,1005.8,1005.5,0.0,13.81,51.7,110.7,0.0,74.0,0.0,222.3,2.6,0.0,54.0,0.0,999.5,1006.5,2.4,352.8,3.1,1005.0,27.4,998.6,54.6,27.5,27.0,1006.5,15.0,284.5,0.0,57.6,50.2,0.0,85,30
27.6,986.3,1.6,2.1,0.0,1005.8,986.3,28.0,1005.6,1005.3,0.0,14.38,51.4,154.3,0.0,211.3,0.0,291.1,2.4,0.0,51.3,0.0,999.4,1006.3,2.7,355.0,1.9,1005.0,27.6,998.4,54.4,28.3,27.2,1006.5,15.43,257.5,0.0,57.1,49.7,0.0,86,30
27.7,986.2,1.4,2.0,0.0,1005.8,986.2,27.9,1005.4,1005.2,0.0,14.89,51.4,143.7,0.0,333.7,0.0,172.7,3.2,0.0,50.7,0.0,999.4,1006.1,2.0,314.4,2.0,1004.9,27.7,998.2,53.2,28.0,27.7,1006.4,15.88,283.6,0.0,57.3,48.8,0.0,87,30
27.5,986.1,1.8,3.2,0.0,1005.7,986.3,27.9,1005.5,1005.2,0.0,15.39,52.6,119.4,0.0,262.1,0.0,301.1,0.8,0.0,51.2,0.0,999.3,1006.1,3.4,19.1,2.7,1004.9,28.6,998.2,53.5,27.7,27.6,1006.4,16.39,298.9,0.0,55.9,49.7,0.0,88,30
27.5,986.0,2.3,2.0,0.0,1005.6,986.2,28.2,1005.4,1005.1,0.0,15.94,51.1,158.5,0.0,308.9,0.0,275.2,2.2,0.0,51.2,0.0,999.2,1005.9,1.0,310.3,3.1,1004.9,27.8,998.0,54.6,27.5,27.6,1006.4,16.94,241.3,0.0,57.0,49.4,0.0,89,30
27.8,985.9,1.6,2.1,0.0,1005.5,986.1,28.2,1005.3,1004.9,0.0,16.47,52.0,132.4,0.0,277.5,0.0,291.9,2.8,0.0,50.8,0.0,999.1,1005.9,2.4,357.9,2.2,1004.6,28.7,998.0,54.6,27.9,27.5,1006.1,17.45,269.8,0.0,55.5,47.6,0.0,90,30
28.2,986.0,1.9,2.1,0.0,1005.4,985.9,28.3,1005.1,1005.1,0.0,16.96,52.1,136.0,0.0,274.5,0.0,235.2,0.6,0.0,52.1,0.0,999.0,1005.9,2.3,356.4,2.4,1004.5,28.4,998.0,53.7,27.3,28.1,1006.0,17.93,206.2,0.0,55.7,47.2,0.0,91,30
28.0,985.8,1.2,1.9,0.0,1005.3,985.8,28.2,1005.0,1004.9,0.0,17.45,52.4,80.3,0.0,277.0,0.0,162.8,1.5,0.0,50.6,0.0,998.9,1005.7,2.4,346.3,1.8,1004.5,28.5,997.8,53.6,27.4,27.7,1006.0,18.36,314.8,0.0,56.3,47.0,0.0,92,30
28.4,985.7,0.4,2.0,0.0,1005.2,985.7,28.4,1004.9,1004.7,0.0,17.89,50.7,133.7,0.0,308.4,0.0,283.9,2.1,0.0,48.9,0.0,998.8,1005.6,1.9,317.3,3.1,1004.5,28.6,997.8,53.4,28.0,28.2,1006.0,18.79,226.9,0.0,54.7,47.3,0.0,93,30
28.2,985.7,1.2,1.6,0.0,1005.2,985.8,28.4,1005.0,1004.7,0.0,18.34,50.1,132.9,0.0,307.2,0.0,291.2,2.4,0.0,49.3,0.0,998.8,1005.6,2.2,335.2,2.3,1004.5,28.4,997.8,52.7,28.7,27.8,1006.0,19.21,249.7,0.0,55.0,48.2,0.0,94,30
28.0,985.6,2.6,1.6,0.0,1005.1,985.7,28.7,1004.9,1004.6,0.0,18.76,48.9,124.7,0.0,247.7,0.0,287.9,2.0,0.0,48.2,0.0,998.7,1005.5,3.3,341.8,2.7,1004.4,29.0,997.7,52.9,28.9,27.9,1005.9,19.59,246.8,0.0,56.0,45.5,0.0,95,30
28.5,985.6,1.4,1.9,0.0,1005.1,985.6,28.6,1004.7,1004.6,0.0,19.15,50.1,167.0,0.0,268.5,0.0,226.3,2.4,0.0,48.7,0.0,998.7,1005.4,1.4,249.5,3.5,1004.5,28.6,997.6,51.6,28.1,29.0,1006.0,19.98,283.5,0.0,55.1,47.0,0.0,96,30
28.2,985.5,2.1,1.3,0.0,1005.0,985.6,28.7,1004.8,1004.5,0.0,19.5,50.3,199.3,0.0,273.4,0.0,286.8,3.4,0.0,49.8,0.0,998.6,1005.4,3.3,337.7,2.4,1004.4,28.1,997.6,52.3,28.4,28.2,1005.9,20.37,44.3,0.0,55.3,48.9,0.0,97,30
27.8,985.5,3.1,0.7,0.0,1005.0,985.6,29.0,1004.7,1004.5,0.0,19.79,50.2,149.1,0.0,261.0,0.0,291.9,1.9,0.0,49.1,0.0,998.6,1005.4,1.8,337.5,2.3,1004.5,28.1,997.6,50.6,27.9,28.6,1006.0,20.74,36.0,0.0,54.5,48.6,0.0,98,30
27.5,985.5,2.0,2.5,0.0,1005.0,985.6,28.8,1004.8,1004.5,0.0,20.07,51.6,170.8,0.0,274.3,0.0,277.6,3.1,0.0,51.5,0.0,998.6,1005.4,2.3,339.3,2.2,1004.4,28.5,997.6,53.0,28.4,28.1,1005.9,21.05,266.0,0.0,55.2,48.0,0.0,99,30
27.9,985.4,1.4,1.7,0.0,1004.9,985.6,28.9,1004.8,1004.4,0.0,20.37,50.1,200.2,0.0,281.4,0.0,274.4,3.0,0.0,53.1,0.0,998.5,1005.4,3.6,291.1,2.3,1004.4,28.6,997.6,50.8,28.5,27.9,1005.9,21.4,261.4,0.0,55.3,48.1,0.0,100,30
27.1,985.4,1.2,2.6,0.0,1005.0,985.7,28.7,1004.9,1004.4,0.0,20.68,51.2,206.4,0.0,294.7,0.0,236.6,3.0,0.0,58.5,0.0,998.6,1005.3,2.3,280.3,2.7,1004.4,28.5,997.5,52.2,28.3,27.8,1005.9,21.7,282.0,0.0,57.2,47.8,0.0,101,30
26.6,985.3,3.3,1.1,0.0,1004.8,985.7,28.7,1004.9,1004.3,0.0,20.92,50.7,186.4,0.0,255.5,0.0,224.5,3.4,0.0,62.5,0.0,998.4,1005.3,1.6,308.4,3.5,1004.5,28.3,997.5,53.2,28.3,27.9,1006.0,21.95,348.7,0.0,56.5,49.1,0.0,102,30
26.5,985.3,1.5,1.6,0.0,1004.9,985.8,28.6,1005.0,1004.3,0.0,21.13,51.6,211.3,0.0,265.9,0.0,229.3,1.8,0.0,62.0,0.0,998.5,1005.4,2.9,294.4,3.3,1004.5,28.1,997.6,52.5,27.9,27.7,1006.0,22.21,308.6,0.0,55.8,49.0,0.0,103,30
26.5,985.4,0.3,1.5,0.0,1004.9,985.7,28.5,1005.0,1004.4,0.0,21.29,51.0,182.1,0.0,269.8,0.0,223.8,2.6,0.0,61.0,0.0,998.5,1005.3,3.0,286.8,3.1,1004.4,27.8,997.5,55.0,27.8,27.1,1005.9,22.44,323.1,0.0,57.3,50.1,0.0,104,30
26.4,985.4,1.4,1.3,0.0,1004.9,985.7,28.4,1004.9,1004.4,0.0,21.39,51.4,211.7,0.0,258.2,0.0,224.0,3.1,0.0,61.1,0.0,998.5,1005.3,2.1,284.8,3.4,1004.3,27.8,997.5,55.4,27.9,27.3,1005.8,22.64,340.6,0.0,57.6,50.6,0.0,105,30
26.4,985.4,0.6,2.5,0.0,1004.9,985.8,28.5,1005.1,1004.5,0.0,21.48,50.5,212.3,0.0,200.9,0.0,221.9,3.0,0.0,61.1,0.0,998.5,1005.3,1.7,285.2,3.4,1004.4,27.5,997.5,55.9,27.7,26.9,1005.9,22.9,315.1,0.0,56.3,51.9,0.0,106,30
26.3,985.4,1.6,1.6,0.0,1004.9,985.8,28.3,1005.1,1004.5,0.0,21.6,52.0,207.7,0.0,187.0,0.0,236.5,2.0,0.0,61.5,0.0,998.5,1005.3,2.1,347.8,2.8,1004.4,27.4,997.5,55.8,27.6,26.7,1005.9,23.04,312.0,0.0,57.6,52.9,0.0,107,30
26.6,985.5,1.1,1.6,0.0,1004.9,985.9,28.3,1005.2,1004.6,0.0,21.68,53.6,197.4,0.0,229.3,0.0,218.8,2.8,0.0,62.5,0.0,998.5,1005.4,3.1,291.7,2.7,1004.4,27.3,997.6,55.2,26.8,26.8,1005.9,23.2,17.7,0.0,57.7,52.3,0.0,108,30
26.0,985.6,0.8,3.2,0.0,1005.0,986.0,28.2,1005.3,1004.8,0.0,21.77,54.1,194.7,0.0,286.5,0.0,224.2,3.4,0.0,63.0,0.0,998.6,1005.5,1.8,292.3,3.4,1004.5,27.2,997.6,56.3,26.6,26.5,1006.0,23.37,273.2,0.0,56.5,52.4,0.0,109,30
25.7,985.6,1.8,1.3,0.0,1005.1,986.0,28.0,1005.3,1004.8,0.0,21.85,55.6,203.3,0.0,188.9,0.0,226.4,2.3,0.0,63.1,0.0,998.7,1005.7,1.8,282.6,3.1,1004.6,27.1,997.8,56.7,26.6,26.8,1006.1,23.51,280.8,0.0,57.0,53.3,0.0,110,30
25.1,985.7,2.0,2.3,0.0,1005.1,986.0,27.9,1005.3,1004.9,0.0,21.92,56.0,197.3,0.0,222.0,0.0,231.9,1.8,0.0,64.4,0.0,998.7,1005.7,2.7,300.5,3.3,1004.7,26.9,997.8,57.1,26.3,26.5,1006.2,23.61,319.9,0.0,57.2,53.5,0.0,111,30
24.9,985.8,1.3,1.8,0.0,1005.1,986.1,27.5,1005.4,1005.0,0.0,22.0,57.0,197.2,0.0,200.7,0.0,223.4,2.3,0.0,65.4,0.0,998.7,1005.7,2.1,293.2,3.0,1004.7,26.6,997.8,57.6,26.1,26.4,1006.2,23.7,288.8,0.0,57.4,54.6,0.0,112,30
25.0,985.8,1.0,1.3,0.0,1005.3,986.1,27.3,1005.5,1005.0,0.0,22.05,58.2,207.2,0.0,225.7,0.0,229.2,1.6,0.0,65.5,0.0,998.9,1005.7,2.4,303.9,2.0,1004.8,26.5,997.8,58.4,25.9,26.0,1006.3,23.77,307.1,0.0,58.0,56.0,0.0,113,30
25.1,986.0,0.0,1.3,0.0,1005.5,986.3,27.2,1005.7,1005.2,0.0,22.1,58.6,187.1,0.0,0.0,0.0,240.3,1.9,0.0,64.2,0.0,999.0,1005.9,1.7,290.8,2.1,1004.7,26.2,998.0,59.7,25.7,25.7,1006.2,23.82,308.5,0.0,58.7,57.4,0.0,114,30
24.7,986.1,2.1,1.9,0.0,1005.6,986.4,27.0,1005.8,1005.4,0.0,22.12,59.8,232.4,0.0,201.4,0.0,231.5,0.9,0.0,64.7,0.0,999.1,1005.9,1.0,293.2,1.1,1004.7,26.0,998.0,60.0,25.5,25.6,1006.2,23.86,291.9,0.0,59.6,58.0,0.0,115,30
24.4,986.1,1.5,1.0,0.0,1005.6,986.4,26.8,1005.8,1005.4,0.0,22.14,60.7,232.3,0.0,208.2,0.0,231.8,0.7,0.0,65.5,0.0,999.1,1006.0,1.0,295.7,0.9,1004.9,25.8,998.1,61.2,25.2,25.4,1006.4,23.88,292.8,0.0,60.7,58.7,0.0,116,30
24.2,986.1,1.5,1.5,0.0,1005.7,986.5,26.5,1006.0,1005.3,0.0,22.17,66.1,265.1,0.0,230.6,0.0,279.2,0.5,0.0,66.8,0.0,999.2,1006.1,1.2,291.3,1.3,1005.1,25.7,998.2,61.7,24.4,25.2,1006.6,23.89,289.9,0.0,62.3,59.2,0.0,117,30
24.1,986.2,1.5,1.0,0.0,1005.9,986.7,26.3,1006.2,1005.5,0.0,22.17,71.7,261.5,0.0,221.9,0.0,274.7,0.6,0.0,66.9,0.0,999.4,1006.1,0.4,250.1,0.9,1005.1,25.5,998.2,63.3,23.5,24.8,1006.6,23.89,312.3,0.0,63.3,60.4,0.0,118,30
24.0,986.3,1.8,1.6,0.0,1005.9,986.8,26.2,1006.1,1005.6,0.0,22.18,69.5,215.0,0.0,206.8,0.0,247.1,0.7,0.0,67.0,0.0,999.4,1006.3,0.6,271.6,1.4,1005.2,25.3,998.4,64.8,23.5,24.5,1006.7,23.89,294.0,0.0,64.3,61.4,0.0,119,30
23.6,986.4,1.4,1.2,0.0,1006.1,986.9,26.1,1006.3,1005.7,0.0,22.18,69.5,213.3,0.0,233.1,0.0,217.2,0.8,0.0,69.3,0.0,999.6,1006.4,0.9,266.4,1.4,1005.3,25.0,998.5,66.0,23.6,24.3,1006.8,23.89,0.8,0.0,64.7,62.5,0.0,120,30
23.3,986.4,1.1,1.5,0.0,1006.1,987.0,26.0,1006.4,1005.7,0.0,22.19,72.6,211.8,0.0,213.7,0.0,347.2,0.9,0.0,70.5,0.0,999.7,1006.6,0.5,240.6,0.4,1005.4,24.7,998.7,67.4,23.3,24.0,1006.9,23.89,318.6,0.0,67.1,63.3,0.0,121,30
23.3,986.6,1.1,1.8,0.0,1006.3,987.1,25.8,1006.5,1006.0,0.0,22.19,74.3,0.0,0.0,199.5,0.0,303.7,0.0,0.0,70.7,0.0,999.8,1006.8,1.2,280.4,0.5,1005.7,24.5,998.8,69.1,22.8,23.8,1007.2,23.89,340.1,0.0,68.7,64.1,0.0,122,30
23.3,986.7,1.1,1.5,0.0,1006.5,987.3,25.7,1006.7,1006.1,0.0,22.19,76.5,212.8,0.0,209.0,0.0,221.9,0.6,0.0,70.9,0.0,1000.0,1006.9,1.2,285.5,1.2,1005.8,24.2,998.9,69.4,22.6,23.9,1007.3,23.89,339.5,0.0,70.7,64.5,0.0,123,30
23.0,986.9,0.9,2.3,0.0,1006.6,987.4,25.6,1006.8,1006.3,0.0,22.19,78.5,225.1,0.0,210.4,0.0,224.8,0.6,0.0,72.0,0.0,1000.1,1006.9,1.2,281.0,1.5,1005.8,24.1,998.9,70.3,22.2,23.7,1007.3,23.89,323.3,0.0,71.5,64.7,0.0,124,30
23.0,986.8,1.2,2.4,0.0,1006.7,987.4,25.4,1006.9,1006.3,0.0,22.2,79.1,225.5,0.0,232.8,0.0,266.3,0.4,0.0,71.1,0.0,1000.2,1007.0,1.0,261.3,1.2,1006.0,23.9,999.0,71.3,22.1,23.6,1007.5,23.89,324.2,0.0,72.3,64.7,0.0,125,30
22.8,987.0,0.9,2.2,0.0,1006.9,987.5,25.3,1007.0,1006.5,0.0,22.2,79.8,234.2,0.0,215.7,0.0,282.1,0.6,0.0,71.7,0.0,1000.4,1007.2,1.4,280.2,1.6,1006.2,23.7,999.2,72.1,22.0,23.4,1007.7,23.89,340.6,0.0,71.5,65.6,0.0,126,30
22.6,987.1,1.7,1.7,0.0,1007.1,987.5,25.1,1007.0,1006.6,0.0,22.2,80.7,0.0,0.0,213.0,0.0,243.4,0.0,0.0,72.8,0.0,1000.6,1007.3,0.7,256.0,0.9,1006.2,23.7,999.3,72.1,21.9,23.3,1007.7,23.89,303.5,0.0,71.1,65.8,0.0,127,30
22.6,987.2,1.2,0.8,0.0,1007.1,987.6,24.9,1007.1,1006.8,0.0,22.2,83.9,0.0,0.0,222.1,0.0,251.3,0.0,0.0,73.4,0.0,1000.6,1007.5,1.0,265.8,1.7,1006.5,23.3,999.5,72.8,21.2,23.2,1008.0,23.89,281.6,0.0,72.2,66.6,0.0,128,30
22.4,987.2,0.0,2.3,0.0,1007.1,987.8,24.7,1007.3,1006.7,0.0,22.2,80.5,242.0,0.0,0.0,0.0,235.2,0.4,0.0,75.3,0.0,1000.6,1007.5,1.6,288.2,1.3,1006.4,23.2,999.6,72.3,21.5,23.2,1007.9,23.89,283.0,0.0,73.7,66.6,0.0,129,30
22.2,987.4,0.0,2.0,0.0,1007.2,987.9,24.3,1007.4,1006.9,0.0,22.2,82.6,155.4,0.0,0.0,0.0,260.2,0.7,0.0,77.6,0.0,1000.7,1007.7,1.4,286.3,1.1,1006.4,23.2,999.8,73.6,21.4,23.0,1007.9,23.89,308.8,0.0,74.3,66.9,0.0,130,30
21.9,987.4,0.0,2.0,0.0,1006.9,987.8,24.0,1007.4,1007.0,0.0,22.2,84.7,0.0,0.0,0.0,0.0,261.5,0.0,0.0,78.8,0.0,1000.4,1007.7,1.7,251.7,2.1,1006.4,23.0,999.7,73.0,20.8,22.8,1007.9,23.89,294.7,0.0,74.8,67.0,0.0,131,30
21.7,987.4,0.0,1.5,0.0,1007.1,987.9,23.7,1007.5,1007.0,0.0,22.2,82.8,252.7,0.0,0.0,0.0,251.4,0.7,0.0,79.9,0.0,1000.6,1007.6,1.2,281.6,0.9,1006.4,23.0,999.6,74.8,20.8,22.5,1007.9,23.89,298.8,0.0,75.0,67.4,0.0,132,30
21.6,987.2,0.0,1.0,0.0,1007.1,987.9,23.5,1007.5,1006.8,0.0,22.2,81.6,318.6,0.0,0.0,0.0,265.8,0.7,0.0,80.2,0.0,1000.6,1007.4,1.7,277.0,1.2,1006.5,22.8,999.4,77.0,20.9,22.1,1008.0,23.89,307.3,0.0,75.5,67.7,0.0,133,30
21.4,987.2,0.0,0.6,0.0,1007.2,987.8,23.3,1007.4,1006.8,0.0,22.2,83.6,305.7,0.0,0.0,0.0,263.2,0.8,0.0,80.9,0.0,1000.7,1007.6,1.4,270.2,1.1,1006.6,22.7,999.6,76.4,20.6,22.1,1008.2,23.89,357.2,0.0,76.3,67.8,0.0,134,30
21.2,987.3,0.0,2.2,0.0,1007.3,987.8,23.3,1007.4,1006.9,0.0,22.2,82.6,0.0,0.0,0.0,0.0,255.8,0.0,0.0,81.9,0.0,1000.8,1007.8,1.3,296.3,0.7,1006.4,22.6,999.8,75.8,20.6,22.1,1008.0,23.89,296.6,0.0,76.6,67.4,0.0,135,30
21.1,987.4,0.0,0.0,0.0,1007.3,987.8,23.2,1007.4,1007.0,0.0,22.2,84.2,223.4,0.0,0.0,0.0,255.8,0.8,0.0,83.1,0.0,1000.8,1007.7,1.1,273.9,1.1,1006.5,22.6,999.7,75.6,20.5,22.0,1008.1,23.89,351.2,0.0,76.8,67.9,0.0,136,30
20.9,987.4,0.0,1.4,0.0,1007.3,987.8,23.1,1007.5,1007.0,0.0,22.2,82.5,202.8,0.0,0.0,0.0,227.8,1.3,0.0,84.3,0.0,1000.8,1007.7,1.5,259.1,1.5,1006.5,22.5,999.7,75.4,21.0,21.9,1008.1,23.89,310.4,0.0,76.6,68.0,0.0,137,30
20.7,987.4,0.0,1.1,0.0,1007.2,987.7,23.0,1007.4,1007.0,0.0,22.2,84.4,209.2,0.0,0.0,0.0,245.5,0.7,0.0,85.4,0.0,1000.7,1007.6,1.4,263.0,1.3,1006.5,22.3,999.6,75.1,20.9,21.8,1008.1,23.89,298.6,0.0,77.2,68.2,0.0,138,30
20.9,987.5,0.0,1.3,0.0,1007.4,987.8,22.9,1007.5,1007.1,0.0,22.2,83.9,215.8,0.0,0.0,0.0,303.5,0.2,0.0,85.2,0.0,1000.9,1007.7,1.3,271.9,1.1,1006.6,22.2,999.7,76.1,20.9,21.5,1008.2,23.89,310.5,0.0,78.0,68.4,0.0,139,30
21.0,987.4,0.0,1.4,0.0,1007.5,987.9,22.7,1007.6,1007.1,0.0,22.2,86.3,0.0,0.0,0.0,0.0,304.6,0.0,0.0,83.4,0.0,1000.9,1007.9,0.6,271.9,1.2,1006.5,22.1,999.9,77.2,20.3,21.3,1008.1,23.89,277.0,0.0,78.5,68.8,0.0,140,30
20.9,987.4,0.0,2.3,0.0,1007.4,987.9,22.6,1007.6,1007.0,0.0,22.2,84.5,0.0,0.0,0.0,0.0,20.8,0.0,0.0,82.7,0.0,1000.8,1007.8,0.0,0.0,0.6,1006.4,22.0,999.8,78.0,20.6,21.2,1008.0,23.89,286.7,0.0,78.8,69.9,0.0,141,30
20.6,987.2,0.0,0.6,0.0,1007.2,988.0,22.6,1007.8,1006.9,0.0,22.2,85.8,0.0,0.0,0.0,0.0,0.0,0.0,0.0,85.0,0.0,1000.6,1007.7,0.0,0.0,0.0,1006.4,21.7,999.7,78.7,20.1,21.0,1008.0,23.89,293.3,0.0,79.1,70.9,0.0,142,30
20.5,987.5,0.0,0.8,0.0,1007.2,988.0,22.6,1007.8,1007.2,0.0,22.2,86.1,247.8,0.0,0.0,0.0,0.0,0.8,0.0,86.3,0.0,1000.6,1007.7,0.0,0.0,0.0,1006.3,21.7,999.7,79.5,20.1,20.8,1007.9,23.89,268.0,0.0,79.0,71.1,0.0,143,30
20.3,987.4,0.0,0.0,0.0,1007.0,988.0,22.4,1007.8,1007.0,0.0,0.0,82.3,196.7,0.0,0.0,0.0,0.0,1.4,0.0,86.4,0.0,1000.4,1007.5,0.0,0.0,0.0,1006.2,21.6,999.5,79.8,20.7,20.7,1007.8,0.0,0.0,0.0,79.6,71.8,0.0,0,31
20.2,987.1,0.0,1.0,0.0,1007.1,987.8,22.3,1007.6,1006.7,0.0,0.0,82.4,0.0,0.0,0.0,0.0,116.9,0.0,0.0,87.0,0.0,1000.5,1007.4,0.0,0.0,0.1,1006.1,21.6,999.4,80.1,20.5,20.6,1007.7,0.0,270.8,0.0,79.8,72.5,0.0,1,31
20.2,987.2,1.5,0.3,0.0,1007.0,987.6,22.3,1007.4,1006.9,0.0,0.0,85.0,0.0,0.0,113.3,0.0,0.0,0.0,0.0,87.2,0.0,1000.4,1007.4,0.0,0.0,0.0,1006.1,21.6,999.4,79.9,20.2,20.5,1007.7,0.0,291.0,0.0,79.9,72.4,0.0,2,31
20.0,987.1,0.9,0.6,0.0,1006.9,987.4,22.3,1007.2,1006.8,0.0,0.0,84.1,0.0,0.0,156.8,0.0,0.0,0.0,0.0,88.3,0.0,1000.3,1007.4,0.0,0.0,0.0,1006.0,21.6,999.4,79.5,20.3,20.4,1007.6,0.0,284.3,0.0,81.9,72.9,0.0,3,31
19.8,987.0,0.4,0.7,0.0,1006.9,987.4,22.3,1007.2,1006.7,0.0,0.0,83.8,0.0,0.0,196.6,0.0,351.4,0.0,0.0,88.5,0.0,1000.3,1007.3,0.0,0.0,0.4,1005.9,21.4,999.3,78.7,20.2,20.4,1007.4,0.0,295.4,0.0,81.7,73.3,0.0,4,31
20.3,986.9,0.4,1.0,0.0,1006.8,987.3,22.2,1007.1,1006.5,0.0,0.0,87.3,0.0,0.0,116.2,0.0,143.4,0.0,0.0,88.3,0.0,1000.2,1007.1,0.0,0.0,0.8,1005.7,21.3,999.1,80.0,19.5,20.1,1007.3,0.0,240.4,0.0,81.7,73.4,0.0,5,31
20.0,986.9,1.4,1.9,0.0,1006.8,987.2,22.0,1007.1,1006.6,0.0,0.0,87.3,328.6,0.0,207.8,0.0,247.6,0.6,0.0,90.2,0.0,1000.2,1007.1,0.0,0.0,0.3,1005.6,21.2,999.1,79.8,19.8,20.0,1007.2,0.0,249.1,0.0,81.7,74.2,0.0,6,31
19.7,986.8,0.5,0.8,0.0,1006.7,987.3,22.0,1007.2,1006.5,0.0,0.0,85.0,243.7,0.0,126.8,0.0,0.0,1.2,0.0,90.2,0.0,1000.1,1007.0,0.0,0.0,0.1,1005.7,21.2,999.0,79.5,20.0,20.0,1007.2,0.0,328.5,0.0,81.7,75.0,0.0,7,31
20.0,986.8,0.7,1.4,0.0,1006.9,987.2,22.0,1007.1,1006.5,0.0,0.0,84.7,217.7,0.0,149.2,0.0,265.0,0.3,0.0,91.6,0.0,1000.3,1006.9,0.0,0.0,0.2,1005.8,21.2,998.9,79.7,20.2,19.8,1007.4,0.0,318.5,0.0,81.0,75.4,0.0,8,31
20.4,986.7,0.6,2.6,0.0,1006.9,987.2,21.8,1006.9,1006.4,0.0,0.0,85.2,0.0,0.0,186.1,0.0,340.2,0.0,0.0,87.1,0.0,1000.3,1007.0,0.5,270.5,0.6,1005.6,21.1,998.9,81.3,20.0,19.5,1007.2,0.0,332.4,0.0,81.4,76.2,0.0,9,31
20.4,986.6,0.8,1.3,0.0,1006.7,987.2,21.8,1006.9,1006.2,0.0,0.0,87.6,184.5,0.0,223.1,0.0,324.5,0.4,0.0,86.9,0.0,1000.1,1007.1,1.2,296.3,0.6,1005.7,21.1,999.0,82.5,19.5,19.4,1007.3,0.0,310.5,0.0,81.4,77.0,0.0,10,31
20.6,986.6,0.0,1.8,0.0,1006.5,987.0,21.8,1006.7,1006.3,0.0,0.0,86.9,186.3,0.0,0.0,0.0,4.6,1.3,0.0,86.0,0.0,999.9,1007.2,0.0,0.0,0.4,1005.6,21.0,999.1,82.8,19.7,19.4,1007.2,0.0,307.2,0.0,81.6,77.8,0.0,11,31
20.6,986.8,0.9,1.1,0.0,1006.7,986.8,21.6,1006.5,1006.5,0.0,0.0,85.7,206.7,0.0,285.9,0.0,315.6,1.0,0.0,86.4,0.0,1000.1,1007.0,0.0,0.0,0.4,1005.5,21.1,998.9,81.6,20.0,19.5,1007.1,0.0,305.5,0.0,80.3,77.9,0.0,12,31
20.4,986.6,0.6,2.2,0.0,1006.7,986.8,21.4,1006.7,1006.3,0.0,0.0,85.2,216.6,0.0,279.4,0.0,356.0,0.7,0.0,87.4,0.0,1000.1,1006.9,0.0,0.0,0.8,1005.5,21.0,998.8,79.3,20.0,19.7,1007.1,0.0,334.4,0.0,80.2,78.2,0.0,13,31
20.4,986.6,0.8,1.4,0.0,1006.8,986.9,21.3,1006.8,1006.3,0.0,0.0,85.3,0.0,0.0,295.8,0.0,20.3,0.0,0.0,87.2,0.0,1000.2,1007.0,0.0,0.0,0.8,1005.5,21.0,998.9,79.4,19.9,19.7,1007.1,0.0,348.0,0.0,80.4,78.4,0.0,14,31
20.4,986.7,1.1,1.6,0.0,1006.8,986.8,21.2,1006.7,1006.4,0.0,0.0,83.5,208.4,0.0,289.5,0.0,327.9,1.8,0.0,87.1,0.0,1000.2,1007.1,0.0,0.0,0.9,1005.6,21.1,999.0,78.8,20.0,19.7,1007.2,0.0,22.8,0.0,80.8,77.9,0.0,15,31
20.4,986.7,1.5,1.2,0.0,1006.8,986.9,21.1,1006.8,1006.4,0.0,0.0,82.8,212.3,0.0,274.2,0.0,10.6,0.8,0.0,87.3,0.0,1000.2,1007.1,0.0,0.0,0.5,1005.7,21.1,999.0,79.0,20.0,19.6,1007.3,0.0,337.5,0.0,81.2,77.8,0.0,16,31
20.4,986.6,1.9,1.5,0.0,1006.7,986.8,21.1,1006.7,1006.3,0.0,0.0,82.3,197.6,0.0,291.0,0.0,360.0,1.2,0.0,87.6,0.0,1000.1,1007.2,0.0,0.0,0.9,1005.6,20.9,999.1,78.6,20.0,19.6,1007.2,0.0,352.2,0.0,81.7,77.7,0.0,17,31
20.4,986.7,1.1,1.3,0.0,1006.7,986.9,21.1,1006.6,1006.4,0.0,0.0,82.3,236.6,0.0,280.0,0.0,19.2,1.3,0.0,87.8,0.0,1000.1,1007.1,0.0,0.0,1.1,1005.6,20.8,999.0,79.4,20.0,19.5,1007.2,0.0,328.5,0.0,82.6,77.5,0.0,18,31
20.3,986.7,1.3,0.1,0.0,1006.6,987.0,21.0,1006.7,1006.4,0.0,0.0,80.8,248.2,0.0,270.8,0.0,109.5,2.0,0.0,87.8,0.0,1000.0,1007.1,0.0,0.0,0.7,1005.5,20.8,999.0,80.4,20.1,19.3,1007.1,0.0,12.9,0.0,83.3,78.0,0.0,19,31
20.3,986.7,1.1,1.7,0.0,1006.5,987.1,21.0,1006.9,1006.4,0.0,0.0,80.7,202.3,0.0,307.5,0.0,68.6,1.6,0.0,88.1,0.0,999.9,1007.1,0.0,0.0,0.5,1005.5,20.7,999.0,81.8,20.1,19.0,1007.1,0.0,9.2,0.0,83.7,77.1,0.0,20,31
19.9,986.6,1.0,1.5,0.0,1006.5,987.0,20.9,1006.8,1006.3,0.0,0.0,80.4,217.8,0.0,289.0,0.0,86.2,1.6,0.0,89.8,0.0,999.9,1007.1,0.0,0.0,0.4,1005.3,20.7,999.0,83.0,20.0,18.8,1006.8,0.0,22.6,0.0,84.1,77.2,0.0,21,31
19.5,986.7,0.4,1.5,0.0,1006.5,987.1,20.8,1006.9,1006.4,0.0,0.0,80.2,192.4,0.0,284.6,0.0,0.0,1.9,0.0,92.0,0.0,999.9,1007.0,0.0,0.0,0.0,1005.3,20.7,998.9,83.6,20.0,18.7,1006.9,0.0,48.6,0.0,84.4,77.6,0.0,22,31
18.9,986.6,0.5,1.7,0.0,1006.4,987.1,20.8,1006.9,1006.3,0.0,0.0,80.8,209.6,0.0,318.7,0.0,54.0,1.1,0.0,93.9,0.0,999.8,1007.0,0.0,0.0,0.6,1005.3,20.6,998.9,83.5,19.9,18.6,1006.9,0.0,78.2,0.0,84.4,77.6,0.0,23,31
18.7,986.6,1.2,1.1,0.0,1006.4,987.1,20.6,1006.9,1006.3,0.0,0.0,81.9,191.4,0.0,267.3,0.0,13.5,0.9,0.0,95.3,0.0,999.8,1007.1,0.0,0.0,0.3,1005.4,20.6,999.0,83.0,19.7,18.6,1007.0,0.0,68.9,0.0,85.0,77.5,0.0,24,31
18.5,986.5,0.5,1.6,0.0,1006.2,987.1,20.5,1006.9,1006.1,0.0,0.0,83.6,0.0,0.0,282.0,0.0,55.5,0.0,0.0,95.6,0.0,999.6,1006.9,0.0,0.0,0.5,1005.4,20.6,998.8,84.8,19.3,18.4,1007.0,0.0,60.6,0.0,85.2,77.4,0.0,25,31
18.4,986.5,0.3,1.4,0.0,1006.3,987.1,20.3,1006.9,1006.1,0.0,0.0,83.8,0.0,0.0,229.3,0.0,336.6,0.0,0.0,95.7,0.0,999.7,1006.9,0.0,0.0,0.6,1005.5,20.5,998.8,84.3,19.1,18.5,1007.1,0.0,42.0,0.0,85.8,77.9,0.0,26,31
18.4,986.5,0.8,1.2,0.0,1006.5,987.2,20.1,1007.0,1006.2,0.0,0.0,88.0,24.0,0.0,236.4,0.0,353.0,0.2,0.0,95.8,0.0,999.9,1007.0,0.0,0.0,0.7,1005.7,20.6,998.9,84.4,18.5,18.6,1007.3,0.0,28.7,0.0,86.6,77.7,0.0,27,31
18.7,986.4,0.4,0.7,0.0,1006.5,987.2,20.0,1007.0,1006.1,0.0,0.0,88.7,0.0,0.0,254.2,0.0,91.6,0.0,0.0,95.1,0.0,999.9,1007.0,0.0,0.0,0.2,1005.5,20.7,998.9,83.7,18.0,18.7,1007.1,0.0,30.3,0.0,87.3,77.4,0.0,28,31
18.7,986.6,0.0,1.1,0.0,1006.5,987.0,19.8,1006.8,1006.4,0.0,0.0,90.6,0.0,0.0,0.0,0.0,0.0,0.0,0.0,94.4,0.0,999.9,1007.0,0.0,0.0,0.0,1005.6,20.7,998.9,83.9,17.3,18.7,1007.2,0.0,21.4,0.0,87.8,76.8,0.0,29,31
18.9,986.6,0.3,0.2,0.0,1006.6,987.0,20.0,1006.8,1006.4,0.0,0.0,91.9,0.0,0.0,280.8,0.0,332.7,0.0,0.0,94.4,0.0,1000.0,1007.0,0.0,0.0,0.6,1005.6,20.8,998.9,84.3,17.4,18.5,1007.2,0.0,4.6,0.0,87.7,76.7,0.0,30,31
19.3,986.7,0.7,0.8,0.0,1006.7,987.0,20.0,1006.8,1006.4,0.0,0.0,90.8,0.0,0.0,269.6,0.0,351.5,0.0,0.0,94.0,0.0,1000.1,1007.0,0.0,0.0,0.7,1005.7,20.7,998.9,85.1,18.2,18.4,1007.3,0.0,331.8,0.0,87.9,76.9,0.0,31,31
19.4,986.7,0.7,0.3,0.0,1006.7,987.1,20.0,1007.0,1006.4,0.0,0.0,87.8,0.0,0.0,262.5,0.0,331.2,0.0,0.0,92.6,0.0,1000.1,1007.2,0.0,0.0,0.7,1005.7,20.7,999.1,86.0,18.6,18.3,1007.3,0.0,3.6,0.0,88.4,78.0,0.0,32,31
19.5,986.9,0.9,0.8,0.0,1006.8,987.1,20.0,1007.0,1006.6,0.0,0.0,87.7,240.1,0.0,263.7,0.0,337.9,1.1,0.0,91.8,0.0,1000.2,1007.3,0.0,0.0,1.1,1005.8,20.5,999.2,86.1,18.7,18.0,1007.4,0.0,333.1,0.0,87.8,78.7,0.0,33,31
19.6,986.9,0.5,0.0,0.0,1006.9,987.1,20.1,1007.0,1006.5,0.0,0.01,87.8,184.1,0.0,291.4,0.0,28.3,0.4,0.0,91.2,0.0,1000.3,1007.5,0.0,0.0,0.7,1005.8,20.6,999.4,87.7,18.9,17.8,1007.4,0.0,264.6,0.0,87.7,78.9,0.0,34,31
19.6,987.0,0.7,0.0,0.0,1006.8,987.2,20.2,1007.1,1006.6,0.0,0.03,87.6,202.8,0.0,277.0,0.0,31.0,0.9,0.0,91.7,0.0,1000.2,1007.5,0.0,0.0,0.9,1005.7,20.6,999.4,88.6,18.9,17.6,1007.3,0.0,0.0,0.0,87.7,79.2,0.0,35,31
19.5,987.0,0.3,0.7,0.0,1006.8,987.2,20.2,1007.1,1006.6,0.0,0.05,87.3,240.9,0.0,307.0,0.0,9.3,0.7,0.0,92.1,0.0,1000.2,1007.3,0.0,0.0,0.6,1005.7,20.7,999.2,88.5,18.9,17.7,1007.3,0.02,270.3,0.0,87.6,79.3,0.0,36,31
19.5,986.9,0.9,0.0,0.0,1006.6,987.3,20.3,1007.2,1006.5,0.0,0.09,87.4,0.0,0.0,286.7,0.0,37.5,0.0,0.0,91.7,0.0,1000.0,1007.3,0.0,0.0,0.6,1005.7,20.6,999.2,89.0,19.1,17.8,1007.3,0.05,0.0,0.0,87.4,79.2,0.0,37,31
19.5,986.7,0.3,0.5,0.0,1006.5,987.4,20.4,1007.3,1006.3,0.0,0.11,85.2,223.1,0.0,274.5,0.0,328.5,0.6,0.0,91.0,0.0,999.9,1007.2,0.0,0.0,0.7,1005.6,20.7,999.1,88.7,19.4,18.1,1007.2,0.09,263.8,0.0,86.9,79.3,0.0,38,31
19.7,986.7,0.0,0.8,0.0,1006.5,987.4,20.5,1007.3,1006.4,0.0,0.17,84.3,192.6,0.0,0.0,0.0,177.0,0.1,0.0,90.2,0.0,999.9,1007.0,0.0,0.0,0.3,1005.5,20.8,998.9,86.6,19.6,18.3,1007.0,0.15,283.7,0.0,86.1,78.1,0.0,39,31
19.7,986.7,0.5,1.1,0.0,1006.5,987.3,20.6,1007.1,1006.4,0.0,0.23,83.0,245.8,0.0,335.4,0.0,271.6,0.3,0.0,89.4,0.0,999.9,1007.0,0.0,0.0,0.5,1005.5,21.0,998.9,86.1,19.8,18.7,1007.0,0.22,298.1,0.0,85.5,78.0,0.0,40,31
20.0,986.6,0.8,1.2,0.0,1006.7,987.3,20.7,1007.1,1006.3,0.0,0.3,81.0,219.4,0.0,359.3,0.0,27.9,0.6,0.0,89.5,0.0,1000.1,1007.0,0.0,0.0,0.2,1005.7,21.1,998.9,83.6,19.9,18.9,1007.3,0.31,323.3,0.0,85.6,78.1,0.0,41,31
20.2,986.7,0.4,0.0,0.0,1006.6,987.2,20.8,1006.9,1006.4,0.0,0.37,79.6,205.2,0.0,309.7,0.0,356.7,0.8,0.0,88.0,0.0,1000.0,1007.1,0.0,0.0,1.0,1005.7,21.0,999.0,82.2,20.1,19.3,1007.3,0.39,0.0,0.0,84.6,77.9,0.0,42,31
20.3,986.7,1.0,0.9,0.0,1006.7,987.2,21.0,1007.1,1006.3,0.0,0.46,77.4,215.7,0.0,274.4,0.0,357.2,0.5,0.0,87.1,0.0,1000.1,1007.2,0.0,0.0,1.7,1005.7,21.1,999.1,77.6,20.5,20.0,1007.3,0.46,269.9,0.0,84.5,77.4,0.0,43,31
20.5,986.9,0.7,1.0,0.0,1006.9,987.1,21.1,1006.9,1006.5,0.0,0.56,79.1,176.6,0.0,294.9,0.0,11.4,1.1,0.0,86.4,0.0,1000.3,1007.3,0.0,0.0,1.3,1005.8,21.2,999.2,75.7,20.6,20.3,1007.4,0.56,265.4,0.0,83.9,77.1,0.0,44,31
20.6,986.8,0.6,1.6,0.0,1006.8,987.0,21.2,1006.8,1006.4,0.0,0.63,79.0,191.4,0.0,284.1,0.0,353.3,1.8,0.0,84.1,0.0,1000.2,1007.3,0.0,0.0,2.4,1005.8,21.2,999.2,76.0,20.8,20.8,1007.4,0.67,259.0,0.0,82.9,77.0,0.0,45,31
20.7,987.0,0.6,1.5,0.0,1006.7,987.1,21.4,1006.8,1006.6,0.0,0.77,77.6,201.8,0.0,270.6,0.0,2.6,1.7,0.0,83.2,0.0,1000.1,1007.2,0.0,0.0,1.3,1005.8,21.6,999.1,74.7,20.8,21.2,1007.4,0.79,247.2,0.0,82.9,74.9,0.0,46,31
21.1,986.9,1.1,1.5,0.0,1006.7,987.1,21.7,1006.9,1006.5,0.0,0.89,75.2,243.7,0.0,283.8,0.0,343.0,1.7,0.0,82.2,0.0,1000.1,1007.2,0.0,0.0,1.9,1005.9,21.7,999.1,75.9,21.2,20.6,1007.5,0.96,279.4,0.0,81.4,75.4,0.0,47,31
21.2,986.8,1.0,1.3,0.0,1006.5,987.2,21.9,1007.0,1006.3,0.0,1.0,70.1,235.3,0.0,259.0,0.0,349.7,2.8,0.0,79.8,0.0,999.9,1007.1,0.0,0.0,1.5,1005.9,21.5,999.1,77.5,21.6,20.5,1007.5,1.13,264.0,0.0,80.1,74.8,0.0,48,31
21.8,986.7,1.5,0.7,0.0,1006.5,987.2,22.0,1007.0,1006.1,0.0,1.12,65.7,265.8,0.0,273.7,0.0,21.6,3.1,0.0,78.5,0.0,999.9,1007.1,0.0,0.0,0.4,1005.6,21.7,999.1,75.9,22.3,20.5,1007.1,1.34,308.7,0.0,78.7,67.9,0.0,49,31
22.7,986.7,0.9,2.0,0.0,1006.5,987.1,22.2,1006.8,1006.1,0.0,1.25,66.1,209.3,0.0,318.5,0.0,54.2,1.5,0.0,71.7,0.0,999.9,1006.9,0.0,0.0,1.6,1005.5,21.9,998.9,72.7,22.3,21.7,1007.0,1.59,284.1,0.0,77.4,68.6,0.0,50,31
22.8,986.5,0.5,2.1,0.0,1006.5,986.9,22.3,1006.6,1005.9,0.0,1.37,63.4,250.1,0.0,279.8,0.0,124.7,1.4,0.0,68.3,0.0,1000.0,1006.8,0.0,0.0,1.0,1005.3,22.0,998.8,70.1,22.6,21.6,1006.8,1.73,250.7,0.0,76.8,64.7,0.0,51,31
23.1,986.5,0.5,1.4,0.0,1006.4,987.0,22.2,1006.7,1005.9,0.0,1.52,64.2,246.5,0.0,261.9,0.0,301.6,1.3,0.0,63.4,0.0,999.9,1006.7,0.0,0.0,1.8,1005.5,22.0,998.7,72.0,22.9,21.6,1007.0,1.92,13.7,0.0,75.1,62.8,0.0,52,31
23.8,986.5,1.4,2.6,0.0,1006.4,987.1,22.6,1006.8,1005.9,0.0,1.73,62.8,200.5,0.0,236.3,0.0,303.5,3.0,0.0,61.2,0.0,999.9,1006.8,1.6,291.9,0.7,1005.4,22.6,998.8,72.2,22.9,21.3,1006.9,2.19,300.8,0.0,73.7,62.4,0.0,53,31
23.3,986.3,0.4,1.2,0.0,1006.2,986.8,22.7,1006.4,1005.7,0.0,2.01,62.8,233.5,0.0,255.0,0.0,119.6,2.4,0.0,61.3,0.0,999.7,1006.7,1.6,229.1,1.3,1005.2,22.6,998.7,70.4,22.8,21.9,1006.7,2.44,255.2,0.0,72.7,61.5,0.0,54,31
24.3,986.2,0.8,2.2,0.0,1006.2,986.7,22.8,1006.2,1005.5,0.0,2.29,63.5,204.3,0.0,357.4,0.0,64.2,1.5,0.0,59.6,0.0,999.7,1006.7,1.2,224.4,2.0,1005.2,23.1,998.7,68.0,23.2,22.8,1006.7,2.72,319.9,0.0,71.6,60.8,0.0,55,31
23.8,986.1,1.3,0.4,0.0,1005.9,986.6,23.3,1006.1,1005.4,0.0,2.51,60.8,176.0,0.0,199.3,0.0,198.9,2.6,0.0,61.8,0.0,999.4,1006.5,0.0,0.0,0.6,1005.0,23.0,998.5,62.8,23.8,22.6,1006.5,3.03,351.6,0.0,69.2,60.1,0.0,56,31
23.8,986.0,2.2,1.1,0.0,1005.6,986.4,23.6,1006.0,1005.2,0.0,2.98,59.4,181.3,0.0,251.2,0.0,139.6,3.1,0.0,61.5,0.0,999.1,1006.3,0.0,0.0,1.3,1005.0,23.8,998.3,62.8,24.1,22.4,1006.5,3.33,285.1,0.0,68.9,58.8,0.0,57,31
24.4,985.9,0.6,1.0,0.0,1005.7,986.3,23.3,1005.7,1005.2,0.0,3.46,60.8,230.6,0.0,224.4,0.0,87.2,1.5,0.0,59.2,0.0,999.2,1006.2,0.0,0.0,5.5,1004.6,24.1,998.2,62.1,23.6,23.5,1006.1,3.61,355.6,0.0,69.0,56.8,0.0,58,31
23.8,985.9,1.2,1.4,0.0,1005.9,986.3,23.7,1005.7,1005.1,0.0,3.98,59.5,208.0,0.0,188.3,0.0,255.5,2.4,0.0,61.4,0.0,999.4,1006.2,0.0,0.0,2.0,1004.9,24.1,998.2,59.5,24.1,23.5,1006.4,4.12,352.4,0.0,67.4,57.3,0.0,59,31
23.5,985.7,0.4,0.5,0.0,1005.9,986.3,24.1,1005.8,1005.0,0.0,4.44,56.4,237.3,0.0,351.5,0.0,10.1,1.3,0.0,60.3,0.0,999.4,1006.1,1.1,11.5,1.3,1004.9,24.3,998.2,60.8,25.1,23.2,1006.4,4.62,257.8,0.0,67.8,56.0,0.0,60,31
24.2,985.9,2.5,1.9,0.0,1005.8,986.2,24.0,1005.6,1005.2,0.0,4.67,58.1,214.1,0.0,289.3,0.0,45.2,2.3,0.0,59.1,0.0,999.3,1006.1,0.2,278.1,1.3,1004.8,23.8,998.2,59.0,24.7,23.9,1006.3,4.92,286.1,0.0,67.4,59.2,0.0,61,31
25.2,985.9,1.1,1.8,0.0,1005.8,986.2,24.5,1005.6,1005.1,0.0,4.9,57.7,164.2,0.0,211.1,0.0,306.0,2.3,0.0,53.6,0.0,999.3,1006.1,1.5,293.1,2.5,1004.9,24.2,998.2,58.6,24.5,24.0,1006.4,5.5,297.8,0.0,66.5,59.1,0.0,62,31
24.0,985.9,1.0,1.2,0.0,1005.9,986.2,24.7,1005.6,1005.2,0.0,5.34,54.7,157.8,0.0,232.0,0.0,323.6,2.2,0.0,57.9,0.0,999.4,1006.1,1.0,234.4,0.4,1004.9,24.5,998.2,56.0,25.4,25.5,1006.4,6.01,23.3,0.0,64.1,57.6,0.0,63,31
24.3,985.8,0.8,1.2,0.0,1006.0,986.2,24.5,1005.7,1005.1,0.0,5.65,56.2,219.6,0.0,341.1,0.0,87.7,2.3,0.0,58.1,0.0,999.5,1006.2,2.1,35.4,0.8,1004.9,24.3,998.3,58.4,25.2,24.9,1006.4,6.51,341.9,0.0,62.7,57.0,0.0,64,31
24.6,985.8,2.8,1.9,0.0,1005.9,986.2,25.0,1005.7,1005.0,0.0,5.98,55.9,155.9,0.0,266.6,0.0,345.5,1.8,0.0,57.8,0.0,999.4,1006.3,1.2,28.8,2.2,1004.9,24.4,998.3,56.3,25.8,24.7,1006.4,7.1,236.0,0.0,63.1,59.0,0.0,65,31
24.5,985.8,1.9,1.7,0.0,1006.0,986.2,25.1,1005.6,1005.0,0.0,6.21,53.4,195.9,0.0,309.6,0.0,290.9,3.4,0.0,56.7,0.0,999.5,1006.2,2.3,349.3,2.4,1005.0,24.5,998.2,54.7,26.3,25.4,1006.5,7.7,316.2,0.0,61.1,58.7,0.0,66,31
25.3,985.8,2.3,2.3,0.0,1006.0,986.1,25.3,1005.5,1005.0,0.0,6.67,55.1,224.0,0.0,281.1,0.0,307.5,2.1,0.0,57.5,0.0,999.5,1006.3,2.2,325.0,2.6,1005.0,25.3,998.3,55.5,25.9,25.5,1006.5,8.32,11.3,0.0,60.9,56.9,0.0,67,31
24.9,985.8,2.6,2.5,0.0,1006.0,986.0,25.5,1005.4,1005.0,0.0,7.23,54.8,168.3,0.0,281.3,0.0,335.1,2.5,0.0,57.2,0.0,999.5,1006.3,1.2,348.1,2.1,1005.0,25.9,998.3,55.6,26.4,25.4,1006.5,8.85,2.9,0.0,60.1,53.9,0.0,68,31
25.1,985.8,3.1,2.7,0.0,1005.9,986.0,25.6,1005.4,1005.0,0.0,7.76,56.1,209.8,0.0,277.3,0.0,307.4,2.8,0.0,55.9,0.0,999.4,1006.3,2.1,331.3,1.2,1004.9,25.9,998.3,54.3,25.7,26.1,1006.4,9.38,333.1,0.0,59.1,54.1,0.0,69,31
25.0,985.8,1.2,2.4,0.0,1005.8,985.9,25.5,1005.3,1005.1,0.0,8.35,56.9,182.0,0.0,345.3,0.0,17.4,3.6,0.0,56.0,0.0,999.3,1006.3,2.0,269.1,1.7,1004.8,25.4,998.3,53.7,25.4,25.8,1006.3,9.84,305.7,0.0,58.4,55.0,0.0,70,31
25.7,985.7,2.5,2.4,0.0,1005.7,985.9,26.3,1005.3,1004.9,0.0,8.9,55.7,190.7,0.0,243.4,0.0,192.4,3.9,0.0,54.3,0.0,999.2,1006.0,2.1,344.7,1.3,1004.6,25.7,998.1,51.8,25.9,26.1,1006.1,10.35,316.1,0.0,59.3,56.5,0.0,71,31
25.6,985.6,2.2,1.6,0.0,1005.6,985.8,25.9,1005.1,1004.8,0.0,9.53,54.5,229.8,0.0,299.4,0.0,319.9,2.7,0.0,54.8,0.0,999.1,1005.9,2.7,5.3,3.7,1004.6,26.0,998.0,51.9,25.6,26.2,1006.1,10.88,31.7,0.0,59.1,50.5,0.0,72,31
26.0,985.4,1.1,2.1,0.0,1005.5,985.7,26.0,1005.0,1004.6,0.0,10.15,56.6,212.7,0.0,311.3,0.0,329.5,2.0,0.0,54.5,0.0,999.0,1005.9,2.5,283.6,1.7,1004.5,25.8,998.0,50.3,25.6,27.2,1006.0,11.47,275.5,0.0,56.4,54.0,0.0,73,31
25.4,985.5,1.3,1.7,0.0,1005.4,985.6,26.3,1004.9,1004.6,0.0,10.73,52.4,180.0,0.0,349.1,0.0,30.5,3.4,0.0,53.6,0.0,998.9,1005.7,2.5,339.8,0.7,1004.4,25.6,997.8,50.0,27.1,27.1,1005.9,12.02,285.1,0.0,55.0,53.9,0.0,74,31
25.9,985.4,2.0,1.3,0.0,1005.4,985.5,26.0,1004.8,1004.6,0.0,10.97,51.8,241.6,0.0,254.8,0.0,323.1,3.3,0.0,53.8,0.0,998.9,1005.7,1.7,285.8,2.0,1004.4,25.2,997.8,48.7,26.6,27.1,1005.9,12.33,82.8,0.0,58.3,53.7,0.0,75,31
26.4,985.3,1.7,1.5,0.0,1005.3,985.4,26.1,1004.6,1004.5,0.0,11.38,53.2,195.8,0.0,266.6,0.0,111.4,3.7,0.0,53.0,0.0,998.8,1005.6,1.0,349.4,0.7,1004.3,25.8,997.7,47.2,26.3,27.6,1005.8,12.7,65.0,0.0,59.0,51.8,0.0,76,31
26.0,985.2,1.3,1.7,0.0,1005.2,985.4,26.7,1004.6,1004.3,0.0,11.75,51.6,211.2,0.0,273.4,0.0,214.2,4.3,0.0,50.9,0.0,998.7,1005.5,2.0,326.8,1.7,1004.2,25.8,997.6,49.8,26.9,27.4,1005.7,13.35,284.3,0.0,56.4,52.7,0.0,77,31
26.3,985.1,2.1,1.6,0.0,1005.1,985.3,27.0,1004.5,1004.2,0.0,12.21,50.4,218.3,0.0,270.3,0.0,343.6,2.1,0.0,52.6,0.0,998.6,1005.5,3.4,346.9,0.9,1004.1,26.1,997.6,49.7,26.8,27.3,1005.6,14.01,23.6,0.0,56.0,51.4,0.0,78,31
27.4,985.1,0.9,2.0,0.0,1005.0,985.1,27.2,1004.3,1004.2,0.0,12.47,51.1,178.2,0.0,323.2,0.0,220.2,3.8,0.0,50.5,0.0,998.5,1005.3,3.4,345.7,0.5,1004.0,26.1,997.4,49.9,27.4,27.3,1005.5,14.66,75.3,0.0,54.5,52.0,0.0,79,31
26.7,985.0,2.3,2.8,0.0,1004.8,985.1,27.1,1004.3,1004.1,0.0,12.89,50.5,277.6,0.0,332.5,0.0,316.5,2.6,0.0,49.0,0.0,998.4,1005.2,1.8,292.2,0.9,1003.9,26.6,997.3,48.2,26.7,27.4,1005.4,15.19,25.0,0.0,53.7,49.2,0.0,80,31
27.1,984.9,1.7,1.2,0.0,1004.7,985.0,27.5,1004.2,1004.0,0.0,13.31,50.0,188.9,0.0,270.4,0.0,40.4,3.8,0.0,49.5,0.0,998.3,1005.1,2.5,314.1,1.8,1003.8,27.2,997.2,47.4,27.4,28.0,1005.3,15.82,325.4,0.0,54.0,50.5,0.0,81,31
27.2,984.8,1.6,1.5,0.0,1004.6,984.8,27.4,1004.0,1003.9,0.0,13.77,48.8,226.7,0.0,199.7,0.0,354.4,3.2,0.0,48.3,0.0,998.2,1005.0,1.6,334.2,3.4,1003.7,27.0,997.1,48.5,27.6,28.0,1005.2,16.4,25.1,0.0,52.0,49.6,0.0,82,31
28.6,984.7,1.5,2.4,0.0,1004.6,984.8,27.8,1004.0,1003.8,0.0,14.0,52.1,181.7,0.0,210.5,0.0,43.8,2.1,0.0,47.2,0.0,998.1,1005.0,2.0,297.5,1.4,1003.6,26.2,997.1,47.0,26.7,28.1,1005.1,17.03,39.0,0.0,51.4,50.1,0.0,83,31
27.8,984.6,1.3,0.8,0.0,1004.5,984.7,27.9,1003.9,1003.6,0.0,14.43,48.6,240.4,0.0,280.6,0.0,284.6,1.9,0.0,45.8,0.0,998.1,1004.7,2.3,4.1,1.7,1003.5,27.0,996.8,49.6,28.2,27.4,1005.0,17.61,292.9,0.0,53.3,49.8,0.0,84,31
28.4,984.6,1.8,1.1,0.0,1004.3,984.7,27.8,1003.9,1003.6,0.0,14.73,48.7,217.8,0.0,302.0,0.0,6.0,2.8,0.0,48.3,0.0,997.9,1004.7,3.3,332.6,2.0,1003.5,27.1,996.8,50.0,27.7,27.8,1005.0,18.2,291.0,0.0,51.1,48.9,0.0,85,31
27.7,984.5,1.0,1.1,0.0,1004.3,984.7,28.1,1003.9,1003.6,0.0,15.14,49.8,221.4,0.0,340.2,0.0,339.5,3.4,0.0,47.1,0.0,997.9,1004.7,2.4,342.0,1.3,1003.4,27.6,996.8,49.8,27.4,27.4,1004.9,18.79,261.3,0.0,50.4,49.8,0.0,86,31
27.8,984.4,1.5,1.4,0.0,1004.2,984.6,28.2,1003.7,1003.4,0.0,15.73,48.2,211.5,0.0,294.0,0.0,330.4,3.1,0.0,44.8,0.0,997.8,1004.5,2.3,334.8,0.9,1003.3,27.5,996.7,48.0,28.2,28.8,1004.8,19.37,315.2,0.0,50.0,49.2,0.0,87,31
27.4,984.4,0.6,2.1,0.0,1004.1,984.6,28.5,1003.7,1003.4,0.0,16.29,48.0,187.1,0.0,288.2,0.0,234.7,2.6,0.0,45.4,0.0,997.7,1004.4,2.5,295.3,1.3,1003.3,28.0,996.6,48.1,28.6,28.4,1004.8,19.92,329.2,0.0,52.2,45.5,0.0,88,31
28.4,984.4,2.4,1.5,0.0,1004.1,984.5,28.8,1003.7,1003.4,0.0,16.82,45.0,137.3,0.0,253.8,0.0,268.8,2.2,0.0,43.9,0.0,997.7,1004.3,3.3,331.4,1.7,1003.3,27.8,996.5,49.1,28.1,27.8,1004.8,20.45,226.9,0.0,50.8,45.5,0.0,89,31
28.4,984.2,2.2,2.8,0.0,1004.0,984.3,28.4,1003.5,1003.2,0.0,17.37,45.5,149.7,0.0,291.2,0.0,323.5,1.6,0.0,44.6,0.0,997.6,1004.4,2.9,290.5,3.1,1003.2,28.2,996.6,48.0,28.2,28.1,1004.7,20.98,288.0,0.0,49.8,45.1,0.0,90,31
28.9,984.3,2.0,1.4,0.0,1004.0,984.3,28.4,1003.4,1003.2,0.0,17.92,45.3,175.2,0.0,271.6,0.0,281.3,2.8,0.0,44.7,0.0,997.6,1004.2,2.0,294.3,2.9,1003.1,28.2,996.4,48.1,28.9,28.5,1004.6,21.49,233.6,0.0,50.1,47.3,0.0,91,31
28.2,984.2,1.4,2.3,0.0,1003.9,984.3,28.7,1003.4,1003.2,0.0,18.35,46.1,184.6,0.0,308.6,0.0,251.9,3.4,0.0,45.1,0.0,997.5,1004.2,3.1,282.1,2.2,1003.0,28.2,996.4,47.5,28.4,28.6,1004.5,21.98,355.4,0.0,49.3,46.7,0.0,92,31
28.4,984.2,3.1,1.8,0.0,1003.9,984.2,28.8,1003.3,1003.2,0.0,18.72,44.6,168.7,0.0,268.7,0.0,290.6,3.4,0.0,44.3,0.0,997.5,1004.1,2.5,351.7,3.3,1003.0,28.4,996.3,47.6,28.1,28.2,1004.5,22.45,303.3,0.0,48.1,47.2,0.0,93,31
28.1,984.1,2.4,1.7,0.0,1003.8,984.2,28.7,1003.4,1003.1,0.0,19.2,43.9,251.6,0.0,251.8,0.0,127.6,1.4,0.0,44.8,0.0,997.4,1004.0,3.2,1.7,0.9,1002.8,28.4,996.2,47.6,27.9,27.8,1004.3,22.91,269.7,0.0,49.2,46.9,0.0,94,31
28.4,984.1,1.1,2.4,0.0,1003.9,984.2,28.6,1003.4,1003.0,0.0,19.64,43.7,174.2,0.0,302.5,0.0,298.5,2.2,0.0,45.1,0.0,997.5,1004.0,2.0,297.5,2.5,1002.7,28.0,996.2,46.9,28.9,28.0,1004.2,23.36,286.3,0.0,48.4,46.1,0.0,95,31
28.3,984.1,1.9,1.0,0.0,1003.8,984.1,28.5,1003.3,1003.0,0.0,20.05,43.8,169.8,0.0,271.9,0.0,338.9,3.2,0.0,43.3,0.0,997.4,1004.0,3.6,357.2,1.8,1002.8,27.8,996.2,46.5,28.8,28.0,1004.3,23.78,280.6,0.0,48.8,47.3,0.0,96,31
28.7,984.1,2.1,1.7,0.0,1003.7,984.0,28.8,1003.1,1003.1,0.0,20.45,43.5,186.2,0.0,272.2,0.0,294.1,2.6,0.0,44.0,0.0,997.3,1004.0,2.8,333.7,3.3,1002.8,28.2,996.2,46.1,28.4,28.1,1004.3,24.19,304.0,0.0,49.4,46.2,0.0,97,31
27.9,984.0,1.4,0.4,0.0,1003.6,984.0,28.6,1003.2,1002.9,0.0,20.81,43.5,203.0,0.0,291.7,0.0,309.9,3.0,0.0,44.8,0.0,997.2,1003.9,2.7,342.8,3.4,1002.8,28.4,996.1,45.2,28.6,28.0,1004.3,24.56,122.4,0.0,47.6,47.9,0.0,98,31
28.1,983.9,3.9,1.0,0.0,1003.6,984.1,28.8,1003.2,1002.9,0.0,21.17,42.5,169.3,0.0,255.7,0.0,341.2,2.6,0.0,44.3,0.0,997.2,1003.9,3.3,290.3,3.6,1002.7,28.3,996.1,44.6,28.5,28.3,1004.2,24.93,259.7,0.0,47.8,46.9,0.0,99,31
28.3,983.9,3.3,1.4,0.0,1003.6,984.1,28.8,1003.2,1002.9,0.0,21.5,43.6,212.5,0.0,248.3,0.0,302.8,3.9,0.0,44.4,0.0,997.2,1003.8,1.9,328.2,2.5,1002.7,28.5,996.0,44.9,28.5,28.5,1004.2,25.27,310.7,0.0,48.8,48.0,0.0,100,31
28.3,983.9,2.5,2.5,0.0,1003.6,984.0,28.7,1003.1,1002.9,0.0,21.8,45.2,178.8,0.0,256.0,0.0,281.6,4.3,0.0,43.4,0.0,997.2,1003.9,1.9,320.5,2.9,1002.8,28.4,996.1,45.0,28.0,28.5,1004.3,25.59,266.3,0.0,46.9,47.9,0.0,101,31
28.3,983.8,1.3,2.3,0.0,1003.5,984.1,28.7,1003.3,1002.8,0.0,22.07,43.7,209.0,0.0,269.6,0.0,339.3,2.1,0.0,44.0,0.0,997.1,1003.8,3.2,293.8,1.9,1002.8,28.0,996.0,46.0,28.0,27.8,1004.3,25.89,283.4,0.0,48.3,49.2,0.0,102,31
28.4,983.8,1.8,1.7,0.0,1003.5,984.1,28.6,1003.3,1002.8,0.0,22.34,44.0,214.8,0.0,273.2,0.0,294.8,2.9,0.0,43.9,0.0,997.1,1003.8,2.5,300.3,3.7,1002.8,28.0,996.0,46.1,27.7,27.9,1004.3,26.17,282.9,0.0,49.2,48.5,0.0,103,31
28.3,983.8,2.2,1.6,0.0,1003.5,984.2,28.5,1003.4,1002.8,0.0,22.57,45.1,164.1,0.0,253.2,0.0,330.8,2.4,0.0,44.3,0.0,997.1,1003.8,1.8,292.0,2.8,1002.7,27.7,996.0,46.1,27.9,27.8,1004.2,26.42,303.2,0.0,50.7,48.5,0.0,104,31
27.7,983.9,2.1,1.9,0.0,1003.5,984.1,28.1,1003.3,1002.9,0.0,22.8,46.0,171.0,0.0,299.5,0.0,286.2,3.2,0.0,44.3,0.0,997.1,1003.8,1.6,308.8,3.3,1002.6,27.8,996.0,45.8,27.9,27.4,1004.1,26.65,325.7,0.0,51.6,48.5,0.0,105,31
27.8,983.8,3.1,2.1,0.0,1003.4,984.1,27.7,1003.3,1002.8,0.0,22.97,44.8,174.4,0.0,308.5,0.0,320.0,3.4,0.0,45.3,0.0,997.0,1003.9,2.4,292.6,3.1,1002.6,27.6,996.0,46.3,27.6,27.5,1004.1,26.86,310.3,0.0,52.5,49.5,0.0,106,31
27.6,983.8,1.4,1.8,0.0,1003.3,984.1,27.4,1003.3,1002.8,0.0,23.14,47.2,206.1,0.0,277.0,0.0,338.1,2.4,0.0,45.6,0.0,996.9,1003.9,2.7,344.1,2.9,1002.6,27.6,996.0,46.1,27.4,27.4,1004.1,27.05,359.4,0.0,54.0,48.7,0.0,107,31
28.0,983.9,1.3,2.5,0.0,1003.4,984.2,27.7,1003.4,1003.0,0.0,23.3,47.4,199.3,0.0,280.5,0.0,316.4,3.7,0.0,45.8,0.0,997.0,1003.9,1.6,271.3,1.5,1002.7,27.6,996.0,46.1,27.2,27.1,1004.2,27.22,283.4,0.0,53.3,48.8,0.0,108,31
27.5,984.1,2.0,3.2,0.0,1003.5,984.2,27.5,1003.5,1003.2,0.0,23.45,49.1,205.8,0.0,280.8,0.0,315.4,3.4,0.0,47.0,0.0,997.1,1004.1,1.6,320.7,2.1,1002.8,27.2,996.2,47.1,27.0,26.8,1004.3,27.37,328.1,0.0,53.9,53.2,0.0,109,31
27.3,984.0,1.0,2.0,0.0,1003.6,984.4,27.4,1003.7,1003.1,0.0,23.56,49.1,210.9,0.0,282.9,0.0,316.1,2.9,0.0,50.0,0.0,997.2,1004.1,1.4,305.7,2.6,1002.8,27.0,996.2,46.9,26.8,26.9,1004.3,27.5,321.9,0.0,54.1,54.2,0.0,110,31
26.6,984.1,1.1,2.1,0.0,1003.7,984.4,27.1,1003.7,1003.2,0.0,23.67,50.7,192.1,0.0,286.9,0.0,303.3,2.7,0.0,54.4,0.0,997.3,1004.1,2.7,282.9,3.4,1002.9,27.0,996.2,47.0,26.6,26.7,1004.4,27.61,307.1,0.0,54.5,54.4,0.0,111,31
26.3,984.2,1.3,2.1,0.0,1003.9,984.5,26.7,1003.8,1003.3,0.0,23.75,51.1,197.1,0.0,275.8,0.0,333.6,2.7,0.0,55.6,0.0,997.5,1004.2,1.3,277.8,2.1,1003.0,26.5,996.3,48.6,26.4,26.3,1004.5,27.69,317.3,0.0,55.6,56.1,0.0,112,31
25.9,984.3,2.0,1.8,0.0,1003.9,984.6,26.5,1003.9,1003.5,0.0,23.8,53.2,199.9,0.0,290.0,0.0,327.4,2.4,0.0,58.4,0.0,997.5,1004.4,1.8,285.3,2.9,1003.1,26.3,996.5,49.0,26.0,26.1,1004.6,27.76,310.8,0.0,56.5,57.0,0.0,113,31
25.5,984.4,1.2,1.5,0.0,1004.1,984.7,26.1,1004.1,1003.6,0.0,23.86,54.3,206.8,0.0,286.0,0.0,329.2,1.9,0.0,60.9,0.0,997.6,1004.4,2.3,286.5,3.8,1003.1,26.1,996.5,49.3,25.7,25.8,1004.6,27.81,292.2,0.0,56.9,58.0,0.0,114,31
25.2,984.4,1.3,2.1,0.0,1004.2,984.8,25.9,1004.2,1003.7,0.0,23.89,55.8,189.3,0.0,283.6,0.0,330.4,1.9,0.0,62.5,0.0,997.7,1004.5,1.4,287.2,2.3,1003.1,25.8,996.6,49.3,25.2,25.6,1004.6,27.84,322.3,0.0,58.0,60.0,0.0,115,31
24.9,984.5,0.7,2.4,0.0,1004.3,984.8,25.7,1004.2,1003.8,0.0,23.92,56.8,207.5,0.0,303.7,0.0,320.6,1.6,0.0,63.7,0.0,997.8,1004.5,1.4,294.7,2.7,1003.1,25.7,996.6,50.6,24.9,25.2,1004.6,27.86,336.8,0.0,58.8,61.2,0.0,116,31
24.6,984.5,1.9,2.5,0.0,1004.3,984.8,25.4,1004.3,1003.7,0.0,23.93,59.3,231.2,0.0,289.7,0.0,332.4,1.4,0.0,64.9,0.0,997.8,1004.5,1.2,285.7,2.9,1003.2,25.2,996.6,52.0,24.3,24.8,1004.7,27.87,322.7,0.0,61.2,63.3,0.0,117,31
24.5,984.6,1.6,2.1,0.0,1004.4,984.8,24.9,1004.1,1003.8,0.0,23.94,63.5,263.8,0.0,273.8,0.0,341.3,0.6,0.0,65.7,0.0,998.0,1004.7,1.3,285.7,3.3,1003.4,24.8,996.7,53.9,23.6,24.4,1004.9,27.88,345.2,0.0,64.4,64.4,0.0,118,31
24.1,984.7,2.4,2.4,0.0,1004.4,984.9,24.7,1004.3,1004.0,0.0,23.95,68.5,258.0,0.0,288.1,0.0,18.7,0.7,0.0,66.9,0.0,998.0,1004.7,0.9,282.7,1.3,1003.4,24.6,996.8,56.4,22.7,24.0,1004.9,27.88,321.2,0.0,66.6,65.9,0.0,119,31
24.0,984.8,1.2,2.5,0.0,1004.6,985.1,24.5,1004.5,1004.2,0.0,23.95,68.8,261.0,0.0,286.7,0.0,330.4,0.5,0.0,67.3,0.0,998.1,1004.8,0.0,0.0,2.3,1003.5,24.3,996.9,58.7,22.4,23.5,1005.0,27.88,328.2,0.0,67.8,67.2,0.0,120,31
23.7,985.0,2.3,2.1,0.0,1004.7,985.1,24.3,1004.6,1004.4,0.0,23.95,71.2,222.2,0.0,273.8,0.0,339.7,0.4,0.0,68.1,0.0,998.2,1004.9,0.0,0.0,1.9,1003.6,24.1,997.0,63.5,21.9,22.7,1005.1,27.88,335.5,0.0,69.0,68.4,0.0,121,31
23.5,985.0,3.5,1.6,0.0,1004.7,985.2,24.2,1004.8,1004.5,0.0,23.95,72.6,0.0,0.0,272.7,0.0,348.0,0.0,0.0,69.1,0.0,998.2,1005.0,0.0,0.0,1.5,1003.6,24.0,997.1,65.7,21.5,22.2,1005.1,27.88,337.8,0.0,69.1,68.3,0.0,122,31
23.3,985.2,2.2,1.0,0.0,1004.8,985.3,23.9,1004.9,1004.7,0.0,23.95,74.6,0.0,0.0,278.3,0.0,345.6,0.0,0.0,70.0,0.0,998.3,1005.2,0.6,241.5,2.0,1003.8,23.7,997.3,67.9,21.3,21.7,1005.3,27.88,5.6,0.0,70.2,68.8,0.0,123,31
23.1,985.2,1.4,0.9,0.0,1005.0,985.5,23.7,1005.2,1004.7,0.0,23.95,74.2,0.0,0.0,280.2,0.0,353.7,0.0,0.0,70.5,0.0,998.5,1005.5,0.9,271.9,1.1,1004.0,23.7,997.5,70.3,21.3,21.3,1005.5,27.88,7.6,0.0,71.3,68.9,0.0,124,31
23.1,985.5,2.4,0.3,0.0,1005.2,985.7,23.5,1005.4,1005.0,0.0,23.95,74.1,0.0,0.0,281.8,0.0,340.8,0.0,0.0,70.9,0.0,998.7,1005.7,0.6,259.0,1.5,1004.1,23.6,997.7,70.2,21.2,21.1,1005.6,27.88,351.2,0.0,72.2,69.5,0.0,125,31
23.1,985.7,1.1,2.2,0.0,1005.4,985.9,23.4,1005.6,1005.3,0.0,23.95,77.4,238.5,0.0,266.5,0.0,359.6,1.0,0.0,69.6,0.0,998.9,1005.7,0.5,277.1,0.9,1004.3,23.5,997.7,70.2,20.6,21.0,1005.8,27.88,331.9,0.0,72.7,70.2,0.0,126,31
23.1,985.8,1.1,1.1,0.0,1005.6,986.0,23.2,1005.7,1005.3,0.0,23.95,76.6,220.1,0.0,269.4,0.0,317.0,1.0,0.0,69.2,0.0,999.1,1005.9,0.0,0.0,2.2,1004.5,23.3,997.9,70.7,21.1,20.9,1006.0,27.88,25.8,0.0,73.1,71.4,0.0,127,31
22.8,985.9,1.7,1.2,0.0,1005.8,986.2,23.1,1005.9,1005.5,0.0,23.95,78.1,205.1,0.0,293.6,0.0,341.7,0.7,0.0,70.3,0.0,999.3,1006.1,0.0,0.0,1.2,1004.5,23.3,998.1,71.7,21.0,20.8,1006.0,27.88,9.6,0.0,73.6,71.5,0.0,128,31
22.5,986.0,1.2,1.3,0.0,1005.8,986.2,22.8,1005.9,1005.6,0.0,23.95,78.9,232.6,0.0,292.2,0.0,337.9,0.9,0.0,71.5,0.0,999.3,1006.1,0.0,0.0,0.9,1004.6,23.3,998.1,70.7,20.9,20.9,1006.1,27.88,344.7,0.0,74.5,71.6,0.0,129,31
22.3,986.1,1.6,2.8,0.0,1005.9,986.3,22.7,1006.1,1005.7,0.0,23.95,80.6,240.3,0.0,279.9,0.0,358.3,1.0,0.0,72.6,0.0,999.4,1006.1,0.0,0.0,1.2,1004.6,23.2,998.1,72.3,20.9,20.5,1006.1,27.88,331.8,0.0,74.9,71.7,0.0,130,31
22.1,986.2,1.8,1.9,0.0,1005.8,986.4,22.5,1006.2,1005.8,0.0,23.95,81.3,222.4,0.0,276.6,0.0,342.5,1.4,0.0,73.3,0.0,999.3,1006.2,1.2,276.1,0.5,1004.7,23.0,998.2,74.0,20.9,20.3,1006.2,27.88,303.5,0.0,75.7,72.7,0.0,131,31
21.9,986.3,1.5,2.0,0.0,1005.9,986.5,22.4,1006.3,1005.9,0.0,23.95,83.6,0.0,0.0,291.1,0.0,11.8,0.0,0.0,74.2,0.0,999.4,1006.4,0.8,270.7,0.7,1004.9,22.8,998.4,74.9,20.5,20.2,1006.4,27.88,310.7,0.0,76.6,73.0,0.0,132,31
21.8,986.2,1.4,1.5,0.0,1005.9,986.5,22.3,1006.3,1005.8,0.0,23.95,83.4,248.7,0.0,260.9,0.0,346.8,0.2,0.0,75.8,0.0,999.4,1006.4,0.0,0.0,1.2,1004.9,22.7,998.4,75.0,20.4,20.2,1006.4,27.88,315.3,0.0,77.0,73.9,0.0,133,31
21.7,986.3,1.2,1.7,0.0,1005.9,986.5,22.3,1006.3,1006.0,0.0,23.95,84.7,224.7,0.0,285.7,0.0,10.4,0.8,0.0,76.0,0.0,999.4,1006.4,0.9,276.2,0.7,1005.0,22.6,998.4,75.8,20.2,20.3,1006.5,27.88,339.2,0.0,77.1,74.5,0.0,134,31
21.7,986.3,1.1,1.1,0.0,1005.8,986.6,22.2,1006.4,1005.9,0.0,23.95,84.2,0.0,0.0,272.3,0.0,345.5,0.0,0.0,76.8,0.0,999.3,1006.5,0.9,279.8,1.2,1004.9,22.3,998.5,76.1,20.5,20.3,1006.4,27.88,308.7,0.0,77.7,75.1,0.0,135,31
21.5,986.3,1.6,2.6,0.0,1005.9,986.6,22.2,1006.4,1006.0,0.0,23.95,85.9,0.0,0.0,241.0,0.0,350.9,0.0,0.0,78.8,0.0,999.4,1006.5,0.2,253.5,1.5,1005.0,22.2,998.5,76.4,20.1,20.3,1006.5,27.88,314.8,0.0,77.5,76.0,0.0,136,31
21.2,986.3,1.7,1.4,0.0,1005.9,986.6,22.2,1006.4,1005.9,0.0,23.95,84.4,309.4,0.0,265.3,0.0,0.6,0.3,0.0,81.0,0.0,999.4,1006.4,0.4,259.5,1.5,1005.1,22.1,998.4,77.6,20.3,20.1,1006.6,27.88,330.0,0.0,77.8,76.8,0.0,137,31
21.2,986.3,0.5,1.9,0.0,1006.1,986.6,22.0,1006.5,1006.0,0.0,23.95,84.7,9.8,0.0,225.5,0.0,232.7,1.0,0.0,81.3,0.0,999.6,1006.5,0.5,248.5,0.2,1005.2,22.0,998.5,78.9,20.2,19.8,1006.7,27.88,322.3,0.0,78.3,77.0,0.0,138,31
20.3,986.3,1.4,1.9,0.0,1006.2,986.6,21.9,1006.5,1006.0,0.0,23.95,85.2,280.3,0.0,242.8,0.0,28.9,0.4,0.0,85.5,0.0,999.7,1006.6,0.6,270.1,0.9,1005.2,22.0,998.6,79.6,20.1,19.8,1006.8,27.88,333.0,0.0,78.8,77.2,0.0,139,31
20.3,986.3,0.9,1.9,0.0,1006.4,986.7,21.7,1006.6,1006.0,0.0,23.95,84.4,251.8,0.0,188.7,0.0,27.1,1.0,0.0,85.2,0.0,999.8,1006.7,0.9,270.3,0.5,1005.4,21.8,998.6,80.4,20.1,19.6,1007.0,27.88,320.7,0.0,79.5,77.5,0.0,140,31
19.9,986.4,1.1,2.4,0.0,1006.4,986.6,21.7,1006.3,1006.1,0.0,23.95,86.6,242.5,0.0,241.2,0.0,15.2,0.6,0.0,87.7,0.0,999.8,1006.8,0.9,245.9,0.8,1005.4,21.7,998.7,81.2,19.8,19.5,1006.9,27.88,324.2,0.0,79.4,77.8,0.0,141,31
19.7,986.5,1.0,0.8,0.0,1006.4,986.5,21.6,1006.2,1006.2,0.0,23.95,87.7,68.5,0.0,218.1,0.0,358.5,1.3,0.0,89.2,0.0,999.8,1006.8,0.7,294.7,0.8,1005.2,21.7,998.7,81.9,19.6,19.5,1006.7,27.88,324.4,0.0,80.2,78.3,0.0,142,31
20.3,986.5,0.7,2.0,0.0,1006.3,986.6,21.6,1006.5,1006.2,0.0,23.95,88.2,53.7,0.0,282.6,0.0,348.8,0.7,0.0,86.5,0.0,999.7,1006.7,1.6,290.3,0.8,1005.3,21.6,998.6,80.9,19.6,19.6,1006.9,27.88,333.8,0.0,80.5,78.4,0.0,143,31
20.4,986.5,0.3,0.8,0.0,1006.2,986.5,21.3,1006.2,1006.2,0.0,0.0,85.5,28.1,0.0,292.9,0.0,342.3,0.4,0.0,84.9,0.0,999.6,1006.8,0.0,0.0,1.1,1005.3,21.6,998.7,81.6,19.9,19.3,1006.9,0.0,338.6,0.0,81.4,78.6,0.0,0,32
20.4,986.5,0.0,0.2,0.0,1006.1,986.6,21.2,1006.4,1006.2,0.0,0.0,85.7,0.0,0.0,0.0,0.0,8.3,0.0,0.0,84.4,0.0,999.5,1006.7,0.0,0.0,1.0,1005.2,21.6,998.6,83.8,19.7,19.0,1006.8,0.0,332.8,0.0,82.0,78.6,0.0,1,32
20.4,986.5,0.2,0.8,0.0,1006.2,986.6,21.2,1006.4,1006.1,0.0,0.0,87.8,0.0,0.0,315.0,0.0,358.0,0.0,0.0,84.3,0.0,999.6,1006.7,0.0,0.0,1.0,1005.3,21.6,998.6,84.0,19.3,19.1,1006.9,0.0,325.2,0.0,82.6,78.7,0.0,2,32
20.5,986.4,0.3,0.2,0.0,1006.1,986.6,21.1,1006.3,1006.0,0.0,0.0,88.5,323.8,0.0,195.3,0.0,320.1,0.4,0.0,84.1,0.0,999.5,1006.6,0.0,0.0,1.1,1005.1,21.5,998.5,82.3,19.0,19.4,1006.7,0.0,18.7,0.0,83.0,79.1,0.0,3,32
20.6,986.4,1.1,0.3,0.0,1006.2,986.7,21.1,1006.4,1006.0,0.0,0.0,88.4,0.0,0.0,221.8,0.0,335.7,0.0,0.0,83.0,0.0,999.6,1006.6,0.0,0.0,0.6,1005.2,21.5,998.5,82.4,19.0,19.3,1006.8,0.0,34.9,0.0,83.4,79.1,0.0,4,32
20.6,986.4,1.2,0.9,0.0,1006.2,986.7,21.0,1006.4,1006.0,0.0,0.0,87.4,351.6,0.0,248.2,0.0,348.4,0.3,0.0,82.6,0.0,999.6,1006.7,0.0,0.0,0.6,1005.2,21.6,998.6,82.7,19.2,19.3,1006.8,0.0,8.9,0.0,83.8,78.6,0.0,5,32
20.5,986.4,0.9,1.2,0.0,1006.1,986.6,20.7,1006.3,1006.0,0.0,0.0,88.4,250.0,0.0,250.6,0.0,346.6,0.7,0.0,83.1,0.0,999.5,1006.6,0.0,0.0,1.1,1005.1,21.5,998.5,83.5,19.1,19.3,1006.7,0.0,355.2,0.0,84.7,78.4,0.0,6,32
20.4,986.3,0.9,1.5,0.0,1006.1,986.4,20.7,1006.1,1005.9,0.0,0.0,89.0,0.0,0.0,255.9,0.0,33.9,0.0,0.0,83.7,0.0,999.5,1006.6,0.0,0.0,0.9,1005.0,21.2,998.5,83.6,19.0,19.2,1006.6,0.0,356.8,0.0,84.6,78.2,0.0,7,32
20.2,986.3,0.4,2.1,0.0,1006.0,986.5,20.6,1006.2,1005.9,0.0,0.0,88.2,0.0,0.0,267.8,0.0,353.8,0.1,0.0,84.3,0.0,999.4,1006.5,0.0,0.0,1.3,1004.8,21.2,998.4,83.0,19.2,19.2,1006.4,0.0,25.7,0.0,84.9,77.8,0.0,8,32
20.1,986.1,0.5,0.8,0.0,1006.0,986.3,20.6,1006.0,1005.7,0.0,0.0,89.5,230.6,0.0,293.9,0.0,10.5,0.4,0.0,85.5,0.0,999.4,1006.4,0.0,0.0,1.3,1004.7,21.2,998.3,83.4,18.8,19.3,1006.3,0.0,353.7,0.0,84.7,78.5,0.0,9,32
19.9,986.2,1.1,0.7,0.0,1006.1,986.2,20.7,1006.0,1005.8,0.0,0.0,90.2,175.7,0.0,304.5,0.0,344.2,1.3,0.0,87.2,0.0,999.5,1006.4,0.0,0.0,1.4,1004.8,21.1,998.3,83.5,18.7,19.1,1006.3,0.0,341.8,0.0,85.1,78.9,0.0,10,32
19.9,986.2,0.7,2.4,0.0,1006.0,986.3,20.5,1006.0,1005.9,0.0,0.0,90.2,222.8,0.0,278.9,0.0,323.1,1.1,0.0,87.4,0.0,999.4,1006.3,0.0,0.0,1.4,1004.8,20.9,998.2,82.5,18.5,19.2,1006.3,0.0,27.7,0.0,86.2,79.2,0.0,11,32
19.9,986.1,1.0,1.4,0.0,1006.0,986.3,20.5,1006.1,1005.8,0.0,0.0,90.9,0.0,0.0,269.0,0.0,355.4,0.1,0.0,87.1,0.0,999.4,1006.3,0.0,0.0,0.6,1004.8,20.8,998.2,83.4,18.3,19.0,1006.3,0.0,16.0,0.0,87.0,79.2,0.0,12,32
19.7,986.1,0.6,2.0,0.0,1005.9,986.3,20.5,1006.1,1005.8,0.0,0.0,92.1,0.0,0.0,267.4,0.0,343.7,0.0,0.0,88.6,0.0,999.3,1006.2,0.0,0.0,1.7,1004.7,20.7,998.1,84.3,18.0,18.9,1006.2,0.0,356.2,0.0,86.9,79.2,0.0,13,32
19.6,986.2,1.1,2.5,0.0,1005.9,986.2,20.5,1006.0,1005.9,0.0,0.0,92.2,0.0,0.0,296.2,0.0,316.5,0.0,0.0,88.5,0.0,999.3,1006.2,0.0,0.0,1.4,1004.5,20.5,998.1,85.4,18.0,18.7,1006.0,0.0,27.1,0.0,87.2,78.9,0.0,14,32
19.6,986.2,0.9,2.3,0.0,1005.8,986.1,20.5,1005.9,1005.9,0.0,0.0,92.9,0.0,0.0,322.2,0.0,327.2,0.0,0.0,88.4,0.0,999.2,1006.2,0.0,0.0,1.4,1004.5,20.3,998.1,87.8,18.0,18.3,1006.0,0.0,15.8,0.0,87.7,78.5,0.0,15,32
19.6,986.1,0.8,2.0,0.0,1005.9,986.2,20.5,1006.1,1005.8,0.0,0.0,92.7,33.8,0.0,316.2,0.0,343.9,0.1,0.0,88.4,0.0,999.3,1006.2,0.0,0.0,1.5,1004.5,20.2,998.1,88.7,18.0,18.2,1006.0,0.0,17.5,0.0,88.0,78.5,0.0,16,32
19.4,986.1,0.5,2.3,0.0,1006.0,986.2,20.5,1006.1,1005.8,0.0,0.0,92.5,208.3,0.0,278.4,0.0,359.1,0.8,0.0,89.9,0.0,999.4,1006.3,0.0,0.0,1.5,1004.6,20.1,998.2,88.7,18.3,18.1,1006.2,0.0,17.7,0.0,87.7,78.0,0.0,17,32
19.3,986.1,1.3,1.5,0.0,1005.9,986.2,20.5,1006.1,1005.8,0.0,0.0,91.8,236.3,0.0,305.7,0.0,5.7,0.4,0.0,90.2,0.0,999.3,1006.2,0.0,0.0,1.7,1004.5,20.1,998.1,89.7,18.1,18.0,1006.1,0.0,3.0,0.0,88.0,77.2,0.0,18,32
19.3,986.2,0.9,2.5,0.0,1005.9,986.2,20.5,1006.1,1005.9,0.0,0.0,92.0,0.0,0.0,295.9,0.0,3.8,0.0,0.0,90.7,0.0,999.3,1006.2,0.0,0.0,1.4,1004.5,20.0,998.1,89.5,18.0,18.1,1006.1,0.0,16.6,0.0,88.1,77.0,0.0,19,32
19.3,986.2,0.4,1.7,0.0,1006.0,986.2,20.5,1006.1,1005.9,0.0,0.0,92.7,218.4,0.0,279.5,0.0,353.0,0.7,0.0,91.3,0.0,999.4,1006.2,0.0,0.0,1.5,1004.6,19.8,998.1,89.2,17.9,18.1,1006.2,0.0,14.4,0.0,88.0,76.4,0.0,20,32
19.3,986.2,0.8,2.0,0.0,1006.0,986.2,20.5,1006.0,1005.9,0.0,0.0,92.8,242.1,0.0,276.9,0.0,323.1,0.8,0.0,91.6,0.0,999.4,1006.2,0.0,0.0,0.6,1004.6,19.8,998.1,87.5,18.0,18.3,1006.2,0.0,34.3,0.0,88.0,76.4,0.0,21,32
19.3,986.2,0.9,1.1,0.0,1006.0,986.2,20.4,1006.1,1005.9,0.0,0.0,92.9,222.2,0.0,308.2,0.0,279.9,0.5,0.0,91.7,0.0,999.4,1006.3,0.0,0.0,0.2,1004.6,19.7,998.2,87.7,17.8,18.1,1006.2,0.0,353.6,0.0,88.3,76.8,0.0,22,32
19.1,986.2,0.5,2.2,0.0,1006.0,986.2,20.3,1006.1,1006.0,0.0,0.0,93.3,0.0,0.0,262.9,0.0,322.8,0.0,0.0,92.1,0.0,999.4,1006.3,0.0,0.0,0.5,1004.6,19.7,998.2,89.1,17.6,17.9,1006.2,0.0,36.6,0.0,88.3,76.0,0.0,23,32
18.7,986.3,0.6,1.1,0.0,1006.1,986.3,20.2,1006.2,1006.1,0.0,0.0,93.9,0.0,0.0,307.4,0.0,337.7,0.0,0.0,93.7,0.0,999.5,1006.4,0.0,0.0,0.7,1004.7,19.7,998.3,89.8,17.5,17.5,1006.3,0.0,11.9,0.0,88.9,75.9,0.0,24,32
18.8,986.4,0.2,1.4,0.0,1006.1,986.4,20.1,1006.4,1006.2,0.0,0.0,94.1,0.0,0.0,287.2,0.0,343.5,0.0,0.0,94.2,0.0,999.5,1006.4,0.0,0.0,1.1,1004.7,19.6,998.3,90.9,17.3,17.4,1006.3,0.0,10.4,0.0,88.8,74.9,0.0,25,32
18.7,986.4,1.0,2.4,0.0,1006.1,986.4,20.1,1006.3,1006.2,0.0,0.0,94.5,0.0,0.0,306.0,0.0,355.5,0.0,0.0,94.5,0.0,999.5,1006.4,0.0,0.0,1.1,1004.8,19.6,998.3,91.0,17.5,17.6,1006.4,0.0,20.7,0.0,88.9,74.7,0.0,26,32
18.6,986.5,0.0,1.9,0.0,1006.2,986.5,20.0,1006.5,1006.3,0.0,0.0,94.2,225.0,0.0,0.0,0.0,354.7,0.4,0.0,95.0,0.0,999.6,1006.5,0.0,0.0,1.5,1004.7,19.5,998.4,91.0,17.7,17.4,1006.3,0.0,25.8,0.0,88.8,74.8,0.0,27,32
18.6,986.5,1.1,1.5,0.0,1006.3,986.5,19.8,1006.5,1006.2,0.0,0.0,93.5,227.1,0.0,330.7,0.0,353.1,0.2,0.0,95.4,0.0,999.7,1006.5,0.0,0.0,1.9,1004.7,19.3,998.4,91.3,17.8,17.3,1006.3,0.0,28.5,0.0,89.0,74.8,0.0,28,32
18.6,986.6,0.5,1.4,0.0,1006.3,986.4,19.7,1006.4,1006.4,0.0,0.0,93.4,227.4,0.0,329.6,0.0,1.6,0.5,0.0,95.1,0.0,999.7,1006.4,0.0,0.0,1.2,1004.7,19.3,998.3,91.5,17.6,17.2,1006.3,0.0,20.3,0.0,89.5,75.1,0.0,29,32
18.7,986.5,0.9,0.7,0.0,1006.3,986.4,19.7,1006.4,1006.3,0.0,0.0,93.8,227.8,0.0,325.5,0.0,0.7,0.7,0.0,95.0,0.0,999.7,1006.4,0.0,0.0,1.7,1004.9,19.2,998.3,91.9,17.5,17.2,1006.5,0.0,73.5,0.0,89.9,75.4,0.0,30,32
18.6,986.5,0.0,2.7,0.0,1006.3,986.4,19.5,1006.4,1006.3,0.0,0.0,93.9,217.5,0.0,0.0,0.0,21.2,0.5,0.0,95.0,0.0,999.7,1006.5,0.0,0.0,1.2,1004.9,19.2,998.4,92.2,17.4,17.1,1006.5,0.0,53.2,0.0,89.8,75.6,0.0,31,32
18.7,986.5,0.7,1.6,0.0,1006.2,986.5,19.4,1006.5,1006.3,0.0,0.0,94.1,217.0,0.0,276.8,0.0,28.7,0.4,0.0,95.2,0.0,999.6,1006.5,0.0,0.0,1.2,1005.0,19.0,998.4,91.7,17.2,16.9,1006.6,0.0,39.8,0.0,90.1,76.0,0.0,32,32
18.8,986.5,0.5,1.5,0.0,1006.3,986.6,19.3,1006.6,1006.3,0.0,0.0,94.6,210.6,0.0,255.9,0.0,17.0,0.6,0.0,95.1,0.0,999.7,1006.6,0.0,0.0,2.7,1005.0,19.0,998.5,92.0,17.2,17.0,1006.6,0.0,20.8,0.0,90.5,76.4,0.0,33,32
18.8,986.5,1.2,1.3,0.0,1006.3,986.7,19.2,1006.7,1006.3,0.0,0.01,94.2,237.0,0.0,275.7,0.0,27.7,0.7,0.0,94.9,0.0,999.7,1006.6,0.0,0.0,0.7,1005.0,19.0,998.5,91.9,17.0,16.9,1006.6,0.01,32.0,0.0,90.9,76.5,0.0,34,32
18.8,986.5,0.6,1.4,0.0,1006.4,986.7,19.3,1006.7,1006.3,0.0,0.03,94.3,0.0,0.0,279.6,0.0,60.6,0.0,0.0,95.0,0.0,999.8,1006.7,0.0,0.0,1.0,1005.0,19.0,998.6,91.7,17.1,17.0,1006.6,0.03,16.9,0.0,90.8,75.8,0.0,35,32
19.0,986.7,1.4,1.8,0.0,1006.4,986.7,19.4,1006.7,1006.5,0.0,0.07,94.3,0.0,0.0,279.2,0.0,0.0,0.0,0.0,94.3,0.0,999.8,1006.6,0.0,0.0,0.0,1005.0,19.1,998.5,91.6,17.1,17.1,1006.6,0.06,51.3,0.0,90.4,75.4,0.0,36,32
19.1,986.7,0.7,2.7,0.0,1006.5,986.7,19.4,1006.7,1006.5,0.0,0.1,94.3,229.8,0.0,243.6,0.0,129.2,0.4,0.0,93.1,0.0,999.9,1006.7,0.0,0.0,0.1,1005.0,19.2,998.6,91.5,17.3,17.2,1006.6,0.1,52.7,0.0,90.4,74.7,0.0,37,32
19.1,986.7,0.6,2.8,0.0,1006.5,986.7,19.6,1006.7,1006.5,0.0,0.15,93.4,236.3,0.0,223.4,0.0,67.7,0.4,0.0,91.9,0.0,999.9,1006.7,0.0,0.0,0.9,1005.1,19.2,998.6,90.6,17.6,17.3,1006.7,0.15,41.8,0.0,90.1,75.1,0.0,38,32
19.1,986.8,0.7,2.2,0.0,1006.6,986.8,19.7,1006.7,1006.5,0.0,0.23,92.3,233.4,0.0,284.1,0.0,357.8,0.2,0.0,91.9,0.0,1000.0,1006.8,0.0,0.0,1.5,1005.1,19.3,998.7,90.6,18.0,17.6,1006.7,0.22,31.5,0.0,89.3,74.4,0.0,39,32
19.4,986.8,0.9,1.9,0.0,1006.6,986.9,19.9,1006.8,1006.5,0.0,0.3,89.5,239.2,0.0,254.7,0.0,34.8,0.8,0.0,91.7,0.0,1000.0,1006.9,0.0,0.0,1.7,1005.2,19.3,998.8,88.8,18.3,17.9,1006.8,0.3,52.0,0.0,88.8,74.3,0.0,40,32
19.4,986.9,0.5,1.1,0.0,1006.8,986.9,20.2,1006.7,1006.6,0.0,0.4,88.8,216.3,0.0,317.5,0.0,39.7,0.8,0.0,88.5,0.0,1000.2,1006.9,0.0,0.0,1.3,1005.2,19.7,998.8,86.5,18.5,18.4,1006.8,0.39,57.7,0.0,88.6,73.7,0.0,41,32
19.8,987.1,1.1,2.2,0.0,1006.9,987.1,20.4,1006.9,1006.7,0.0,0.5,87.4,236.3,0.0,357.9,0.0,27.1,0.6,0.0,85.8,0.0,1000.3,1007.0,0.0,0.0,1.9,1005.3,19.7,998.9,83.7,18.9,18.9,1006.8,0.51,49.5,0.0,87.9,72.8,0.0,42,32
20.3,987.1,0.8,2.3,0.0,1006.8,987.1,20.7,1006.8,1006.7,0.0,0.61,86.2,303.3,0.0,0.2,0.0,22.4,0.9,0.0,82.3,0.0,1000.2,1007.1,0.0,0.0,3.1,1005.3,19.8,999.0,82.3,19.4,19.3,1006.9,0.64,49.1,0.0,86.9,73.0,0.0,43,32
20.6,987.2,1.2,2.5,0.0,1006.8,987.1,20.9,1007.0,1006.8,0.0,0.72,83.5,264.6,0.0,315.4,0.0,34.9,0.9,0.0,78.8,0.0,1000.2,1007.0,0.0,0.0,3.1,1005.4,20.0,998.9,79.0,19.5,19.7,1007.0,0.8,39.5,0.0,85.9,72.7,0.0,44,32
20.9,987.2,1.4,2.6,0.0,1006.9,987.2,21.2,1007.0,1006.9,0.0,0.83,79.5,204.5,0.0,345.4,0.0,29.9,0.6,0.0,76.1,0.0,1000.3,1007.1,0.2,105.6,2.6,1005.4,20.2,999.0,77.5,20.3,20.4,1007.0,0.97,57.9,0.0,84.7,72.6,0.0,45,32
21.2,987.1,1.2,1.3,0.0,1006.9,987.2,21.5,1007.0,1006.7,0.0,1.02,75.9,244.8,0.0,316.5,0.0,32.0,0.5,0.0,75.8,0.0,1000.3,1007.1,0.0,0.0,1.7,1005.5,20.8,999.0,76.3,20.9,20.7,1007.1,1.16,0.6,0.0,83.7,70.7,0.0,46,32
21.0,987.1,0.2,1.6,0.0,1006.9,987.2,21.9,1007.0,1006.6,0.0,1.24,68.6,29.4,0.0,242.1,0.0,44.8,0.7,0.0,75.6,0.0,1000.3,1007.0,0.0,0.0,1.7,1005.5,21.2,999.0,76.1,21.6,20.9,1007.1,1.38,48.1,0.0,81.3,68.2,0.0,47,32
21.9,987.0,0.8,2.4,0.0,1006.9,987.3,22.0,1007.1,1006.5,0.0,1.47,67.2,17.1,0.0,250.3,0.0,60.9,2.1,0.0,73.7,0.0,1000.3,1007.1,1.3,40.9,2.3,1005.5,21.3,999.1,74.3,21.5,20.9,1007.0,1.61,24.9,0.0,80.3,65.8,0.0,48,32
22.0,987.1,0.8,1.5,0.0,1006.9,987.3,22.6,1007.0,1006.6,0.0,1.73,66.2,31.4,0.0,352.5,0.0,22.5,2.7,0.0,74.4,0.0,1000.3,1007.1,1.7,123.8,1.6,1005.4,21.6,999.1,73.0,22.0,21.2,1006.9,1.86,20.8,0.0,79.9,66.6,0.0,49,32
22.4,987.1,0.9,2.6,0.0,1006.8,987.2,22.7,1006.8,1006.5,0.0,2.0,62.7,52.5,0.0,26.1,0.0,45.1,0.3,0.0,73.0,0.0,1000.2,1007.0,1.6,130.1,1.6,1005.4,21.8,999.0,70.9,22.4,22.0,1006.9,2.1,64.0,0.0,77.9,65.1,0.0,50,32
22.2,987.1,1.0,2.0,0.0,1006.7,987.2,23.0,1006.8,1006.5,0.0,2.3,63.1,66.0,0.0,357.1,0.0,12.0,1.5,0.0,70.8,0.0,1000.2,1007.0,1.9,69.8,1.3,1005.4,22.1,999.0,70.5,22.3,22.0,1006.9,2.35,32.1,0.0,77.1,65.9,0.0,51,32
22.3,987.0,3.3,1.3,0.0,1006.6,987.1,23.5,1006.7,1006.4,0.0,2.64,61.8,286.7,0.0,15.9,0.0,7.6,0.7,0.0,72.6,0.0,1000.1,1006.9,3.1,141.4,0.6,1005.5,22.6,998.9,66.9,22.7,22.3,1007.0,2.69,50.1,0.0,73.5,64.8,0.0,52,32
22.1,986.9,3.0,1.6,0.0,1006.5,987.1,24.1,1006.7,1006.3,0.0,2.99,62.0,28.8,0.0,43.5,0.0,305.1,1.8,0.0,73.5,0.0,1000.0,1006.8,1.5,130.1,1.7,1005.5,23.1,998.9,66.7,23.0,22.3,1007.0,3.03,69.6,0.0,69.5,62.9,0.0,53,32
22.6,986.9,1.7,0.5,0.0,1006.5,987.1,24.2,1006.7,1006.3,0.0,3.34,60.9,12.6,0.0,81.6,0.0,48.4,1.6,0.0,71.9,0.0,1000.0,1006.8,2.6,204.1,0.8,1005.5,23.1,998.9,66.9,22.9,22.6,1007.0,3.37,120.1,0.0,67.9,62.3,0.0,54,32
22.9,987.0,2.7,1.4,0.0,1006.6,987.2,24.7,1006.7,1006.3,0.0,3.74,62.4,4.9,0.0,49.2,0.0,336.5,1.7,0.0,70.6,0.0,1000.1,1006.9,1.5,133.1,1.8,1005.6,23.3,999.0,64.8,23.4,23.0,1007.1,3.76,58.1,0.0,65.9,62.2,0.0,55,32
22.8,987.0,3.0,0.9,0.0,1006.7,987.2,25.1,1006.7,1006.3,0.0,4.13,61.7,68.8,0.0,31.9,0.0,219.9,4.3,0.0,71.1,0.0,1000.2,1007.0,1.6,67.0,1.4,1005.5,23.5,999.0,64.6,23.3,23.5,1007.0,4.16,266.6,0.0,65.6,61.2,0.0,56,32
23.4,987.0,2.1,1.3,0.0,1006.7,987.1,25.2,1006.6,1006.3,0.0,4.55,61.2,76.3,0.0,8.0,0.0,223.3,4.2,0.0,69.1,0.0,1000.2,1006.9,1.3,305.0,1.0,1005.6,24.0,998.9,64.7,23.6,23.1,1007.1,4.55,233.9,0.0,63.4,60.4,0.0,57,32
23.6,987.1,1.5,2.9,0.0,1006.6,987.1,24.8,1006.6,1006.4,0.0,4.98,60.3,25.3,0.0,11.1,0.0,211.8,2.5,0.0,69.2,0.0,1000.1,1006.8,1.5,108.5,0.2,1005.5,24.9,998.9,63.8,23.5,23.2,1007.0,4.91,267.3,0.0,63.1,57.8,0.0,58,32
24.0,987.0,2.8,1.2,0.0,1006.6,987.0,25.1,1006.4,1006.2,0.0,5.44,60.1,59.4,0.0,28.3,0.0,133.5,2.0,0.0,68.6,0.0,1000.1,1006.8,0.0,0.0,0.6,1005.5,24.5,998.8,60.5,24.2,24.0,1007.0,5.29,202.7,0.0,64.4,60.4,0.0,59,32
24.8,987.0,2.9,1.6,0.0,1006.5,987.0,25.9,1006.4,1006.2,0.0,5.9,58.7,343.5,0.0,24.5,0.0,232.2,2.8,0.0,65.8,0.0,1000.0,1006.6,2.9,44.6,1.0,1005.3,24.6,998.7,58.3,24.4,24.0,1006.8,5.77,152.2,0.0,63.4,57.2,0.0,60,32
24.6,986.9,1.7,1.7,0.0,1006.4,987.0,26.1,1006.5,1006.2,0.0,6.19,55.8,34.2,0.0,2.5,0.0,127.8,0.7,0.0,65.7,0.0,1000.0,1006.7,1.7,97.3,2.4,1005.4,24.8,998.8,56.6,25.0,24.9,1006.9,6.28,120.7,0.0,60.3,57.6,0.0,61,32
24.5,986.9,1.8,1.1,0.0,1006.5,986.9,26.4,1006.2,1006.2,0.0,6.53,56.2,67.8,0.0,10.5,0.0,110.5,2.8,0.0,66.6,0.0,1000.0,1006.7,1.2,151.7,0.8,1005.4,24.6,998.8,56.3,25.0,24.5,1006.9,6.81,135.1,0.0,60.1,57.9,0.0,62,32
24.5,986.9,1.7,1.7,0.0,1006.4,986.9,26.3,1006.4,1006.2,0.0,7.03,56.0,346.6,0.0,5.1,0.0,133.9,3.1,0.0,67.2,0.0,999.9,1006.6,0.2,199.4,3.0,1005.5,25.4,998.7,56.1,24.8,24.9,1007.0,7.29,191.5,0.0,58.3,54.9,0.0,63,32
24.2,986.9,1.6,0.6,0.0,1006.5,986.9,25.7,1006.4,1006.3,0.0,7.61,55.3,345.8,0.0,13.3,0.0,215.9,2.4,0.0,67.6,0.0,1000.0,1006.7,2.3,221.8,1.4,1005.5,25.8,998.7,55.6,24.6,24.9,1007.0,7.63,344.3,0.0,60.0,54.1,0.0,64,32
25.1,986.9,0.4,2.2,0.0,1006.4,986.8,25.7,1006.2,1006.1,0.0,8.1,57.2,55.5,0.0,11.0,0.0,100.1,3.3,0.0,66.2,0.0,999.9,1006.7,0.1,0.0,0.7,1005.5,26.0,998.7,53.2,24.2,25.8,1007.0,7.94,183.7,0.0,61.7,54.1,0.0,65,32
25.1,986.9,1.0,1.2,0.0,1006.4,986.8,25.8,1006.3,1006.3,0.0,8.68,56.4,103.4,0.0,351.7,0.0,132.6,0.9,0.0,64.7,0.0,999.9,1006.6,0.2,39.7,1.8,1005.4,25.9,998.7,55.3,24.7,24.9,1006.9,8.21,186.5,0.0,60.2,51.4,0.0,66,32
26.1,986.8,2.4,0.7,0.0,1006.2,986.7,26.6,1006.1,1006.0,0.0,9.23,51.1,48.2,0.0,24.9,0.0,160.5,2.2,0.0,63.0,0.0,999.7,1006.5,1.7,126.7,1.0,1005.3,25.7,998.6,54.1,26.9,25.7,1006.8,8.74,160.0,0.0,61.4,52.9,0.0,67,32
25.5,986.6,0.5,1.7,0.0,1006.1,986.6,26.3,1006.0,1005.9,0.0,9.57,54.3,58.8,0.0,50.7,0.0,175.9,1.6,0.0,62.0,0.0,999.6,1006.4,1.2,228.6,1.8,1005.2,25.8,998.5,54.0,25.2,25.5,1006.7,9.32,227.4,0.0,58.5,53.0,0.0,68,32
25.3,986.6,0.9,0.6,0.0,1005.9,986.6,27.2,1006.0,1005.8,0.0,10.1,50.1,64.2,0.0,37.7,0.0,180.8,1.9,0.0,63.8,0.0,999.5,1006.3,1.7,294.7,2.2,1005.2,26.6,998.4,52.5,26.1,25.7,1006.7,9.97,165.0,0.0,58.7,50.1,0.0,69,32
25.9,986.5,0.6,0.7,0.0,1006.0,986.5,27.4,1005.9,1005.8,0.0,10.6,52.4,26.5,0.0,125.5,0.0,101.3,1.8,0.0,60.7,0.0,999.5,1006.2,1.3,285.4,0.9,1005.1,26.4,998.3,53.1,25.6,25.9,1006.6,10.56,280.0,0.0,55.7,49.6,0.0,70,32
25.9,986.5,2.1,1.2,0.0,1005.8,986.4,27.6,1005.8,1005.7,0.0,11.06,52.0,52.7,0.0,355.1,0.0,202.1,1.9,0.0,60.0,0.0,999.4,1006.2,1.2,277.2,2.3,1005.0,27.0,998.3,51.3,26.1,25.7,1006.5,11.17,255.3,0.0,55.6,48.0,0.0,71,32
26.8,986.4,0.2,0.8,0.0,1005.9,986.2,27.4,1005.4,1005.6,0.0,11.4,51.2,26.2,0.0,84.9,0.0,233.4,2.4,0.0,61.9,0.0,999.4,1006.1,1.7,224.9,2.0,1005.0,26.4,998.2,48.8,26.4,27.4,1006.5,11.45,296.6,0.0,56.4,48.5,0.0,72,32
27.1,986.3,1.2,0.2,0.0,1005.7,986.2,27.5,1005.5,1005.5,0.0,12.07,49.7,67.1,0.0,235.4,0.0,265.6,3.9,0.0,55.9,0.0,999.3,1006.0,1.8,285.6,1.5,1004.8,27.3,998.1,47.1,26.8,27.3,1006.3,11.87,236.0,0.0,56.2,47.4,0.0,73,32
27.4,986.2,1.4,1.7,0.0,1005.6,986.1,27.6,1005.5,1005.4,0.0,12.32,50.0,356.0,0.0,291.1,0.0,249.3,2.7,0.0,58.5,0.0,999.2,1006.0,2.4,272.5,1.9,1004.7,26.5,998.1,51.9,26.1,26.2,1006.2,12.36,326.0,0.0,56.4,52.6,0.0,74,32
26.8,986.1,1.2,2.1,0.0,1005.4,986.1,27.7,1005.5,1005.3,0.0,12.48,51.1,37.1,0.0,242.8,0.0,285.7,1.7,0.0,54.8,0.0,999.0,1005.9,1.5,282.9,0.7,1004.6,26.7,998.0,53.1,26.6,25.7,1006.1,12.9,294.5,0.0,52.3,52.9,0.0,75,32
27.1,986.1,0.9,1.6,0.0,1005.4,986.1,27.5,1005.5,1005.2,0.0,12.77,47.4,31.4,0.0,329.4,0.0,110.7,1.9,0.0,52.9,0.0,998.9,1005.8,0.0,0.0,1.4,1004.4,26.4,997.9,51.5,27.5,26.0,1005.9,13.22,290.8,0.0,54.4,53.1,0.0,76,32
27.4,985.9,2.0,1.1,0.0,1005.2,986.1,27.7,1005.4,1005.1,0.0,13.23,47.8,127.5,0.0,254.4,0.0,227.2,1.2,0.0,54.3,0.0,998.8,1005.7,2.8,336.6,2.3,1004.2,27.4,997.8,51.9,25.9,26.3,1005.7,13.74,249.0,0.0,56.0,49.5,0.0,77,32
27.3,985.8,1.3,2.4,0.0,1005.1,985.8,27.4,1005.1,1004.9,0.0,13.55,47.5,47.6,0.0,167.6,0.0,300.3,2.4,0.0,51.5,0.0,998.7,1005.5,2.6,284.3,1.8,1004.1,27.5,997.6,49.4,26.9,27.1,1005.6,14.0,299.7,0.0,53.5,50.3,0.0,78,32
27.4,985.7,1.2,1.0,0.0,1005.0,985.6,28.0,1004.8,1004.8,0.0,14.03,48.4,4.6,0.0,66.2,0.0,229.7,1.3,0.0,52.8,0.0,998.6,1005.4,1.8,328.7,2.9,1004.0,27.5,997.5,47.3,27.2,28.3,1005.5,14.51,205.8,0.0,54.0,48.5,0.0,79,32
27.1,985.5,0.8,2.5,0.0,1004.9,985.4,28.0,1004.6,1004.6,0.0,14.38,46.2,49.8,0.0,142.8,0.0,170.0,2.9,0.0,51.4,0.0,998.5,1005.2,2.1,185.5,0.6,1003.9,27.7,997.3,46.1,27.4,28.3,1005.4,14.88,288.8,0.0,53.0,48.7,0.0,80,32
27.3,985.4,2.2,1.1,0.0,1004.8,985.4,27.7,1004.6,1004.5,0.0,14.56,46.6,348.3,0.0,38.9,0.0,192.6,2.4,0.0,52.7,0.0,998.4,1005.2,2.0,359.1,0.8,1003.9,27.2,997.3,47.4,26.9,28.0,1005.4,15.05,276.0,0.0,53.9,49.5,0.0,81,32
27.1,985.3,1.0,0.1,0.0,1004.7,985.4,27.6,1004.7,1004.4,0.0,14.82,44.6,298.5,0.0,252.3,0.0,334.8,0.8,0.0,51.5,0.0,998.3,1005.1,2.3,345.4,1.9,1003.8,27.4,997.2,50.3,27.7,26.9,1005.3,15.21,351.2,0.0,55.9,48.2,0.0,82,32
28.1,985.3,1.6,0.7,0.0,1004.7,985.4,27.9,1004.7,1004.3,0.0,15.19,44.8,354.2,0.0,210.1,0.0,147.9,2.5,0.0,51.1,0.0,998.3,1005.1,2.3,356.5,1.1,1003.8,27.6,997.2,49.5,28.1,26.3,1005.3,15.67,138.2,0.0,53.6,47.5,0.0,83,32
27.8,985.2,0.8,1.5,0.0,1004.7,985.3,28.4,1004.6,1004.2,0.0,15.39,43.4,346.6,0.0,198.6,0.0,246.1,3.0,0.0,51.9,0.0,998.3,1004.9,2.7,293.8,1.6,1003.7,27.7,997.1,51.7,28.7,26.8,1005.2,16.27,350.6,0.0,51.9,47.1,0.0,84,32
27.0,985.2,1.3,3.0,0.0,1004.7,985.3,28.5,1004.6,1004.3,0.0,15.53,42.8,334.9,0.0,204.8,0.0,13.6,1.2,0.0,52.4,0.0,998.3,1004.9,2.1,284.4,0.3,1003.7,27.7,997.1,50.4,27.3,27.0,1005.2,16.49,356.9,0.0,54.0,46.6,0.0,85,32
27.1,985.2,1.5,1.4,0.0,1004.6,985.2,28.0,1004.3,1004.3,0.0,15.85,45.0,350.6,0.0,209.0,0.0,318.6,1.9,0.0,51.7,0.0,998.2,1005.0,1.5,338.5,1.4,1003.7,28.2,997.1,45.8,27.4,28.4,1005.2,16.7,273.3,0.0,54.2,47.4,0.0,86,32
26.7,985.3,0.0,0.4,0.0,1004.5,985.1,28.4,1004.1,1004.4,0.0,16.06,48.1,7.5,0.0,0.0,0.0,273.7,2.7,0.0,58.4,0.0,998.1,1004.8,2.1,263.6,2.4,1003.7,27.7,997.0,45.0,27.3,29.5,1005.2,17.2,144.8,0.0,52.6,45.8,0.0,87,32
26.3,985.2,0.0,1.1,0.0,1004.4,985.1,28.3,1004.3,1004.3,0.0,16.63,48.1,345.5,0.0,0.0,0.0,277.9,3.0,0.0,60.2,0.0,998.0,1004.8,2.2,299.3,3.7,1003.7,29.0,997.0,48.9,26.8,27.5,1005.2,17.42,81.0,0.0,51.8,42.6,0.0,88,32
26.1,985.1,0.6,2.5,0.0,1004.4,985.1,28.2,1004.3,1004.2,0.0,17.12,46.4,333.3,0.0,308.0,0.0,291.6,2.3,0.0,60.8,0.0,998.0,1004.6,2.1,276.5,3.8,1003.7,29.1,996.8,49.0,27.5,28.0,1005.2,17.54,34.9,0.0,52.7,42.7,0.0,89,32
24.3,985.0,1.0,1.2,0.0,1004.3,985.0,28.7,1004.1,1004.1,0.0,17.35,46.8,21.9,0.0,191.0,0.0,311.7,2.0,0.0,72.7,0.0,997.9,1004.6,2.4,266.1,5.7,1003.8,28.7,996.8,46.4,27.2,28.5,1005.3,17.95,342.3,0.0,53.3,44.5,0.0,90,32
22.9,985.1,0.7,2.8,0.0,1004.3,984.9,29.2,1004.0,1004.2,0.0,17.56,46.9,1.1,0.0,343.0,0.0,295.6,2.9,0.0,84.7,0.0,997.9,1004.5,2.0,314.8,2.8,1003.7,28.6,996.7,49.3,27.6,28.3,1005.2,18.54,334.8,0.0,48.4,44.0,0.5,91,32
24.0,985.0,0.5,1.8,0.0,1004.2,984.9,29.5,1004.1,1004.1,0.0,17.95,46.8,355.3,0.0,112.8,0.0,273.3,2.1,0.0,85.6,0.0,997.8,1004.4,2.0,290.9,2.2,1003.7,29.3,996.6,48.4,26.9,27.4,1005.2,19.07,353.4,0.0,48.2,43.0,0.5,92,32
24.5,985.0,2.4,3.4,0.0,1004.2,984.9,29.7,1004.1,1004.1,0.0,18.29,47.6,18.3,0.0,14.9,0.0,282.2,2.1,0.0,80.3,0.0,997.8,1004.3,0.0,0.0,2.0,1003.7,29.1,996.5,48.3,26.7,27.3,1005.2,19.61,43.6,0.0,47.5,43.4,0.5,93,32
24.7,985.0,0.4,2.0,0.0,1004.0,984.9,29.4,1004.2,1004.1,0.0,18.79,47.6,30.1,0.0,111.9,0.0,248.9,1.8,0.0,79.4,0.0,997.7,1004.2,0.6,355.5,1.5,1003.8,29.7,996.4,51.4,26.9,27.0,1005.3,19.98,313.7,0.0,46.7,42.2,0.5,94,32
25.1,985.0,1.5,1.8,0.0,1004.0,985.0,29.1,1004.4,1004.2,0.0,19.23,48.1,353.8,0.0,316.0,0.0,223.6,1.1,0.0,79.9,0.0,997.6,1004.3,2.6,302.3,1.3,1003.8,29.5,996.5,54.7,26.5,25.8,1005.3,20.2,27.1,0.0,47.8,41.0,0.5,95,32
24.9,985.1,2.2,1.9,0.0,1003.8,985.0,28.7,1004.4,1004.3,0.0,19.7,49.1,296.6,0.0,312.4,0.0,245.8,1.9,0.0,78.8,0.0,997.5,1004.3,1.4,284.4,1.4,1003.8,29.6,996.5,58.4,26.1,25.3,1005.3,20.35,34.3,0.0,48.9,40.1,0.5,96,32
24.9,985.2,0.9,1.5,0.0,1004.0,985.0,28.6,1004.4,1004.4,0.0,20.12,52.6,260.7,0.0,7.7,0.0,253.1,3.0,0.0,78.5,0.0,997.6,1004.3,0.7,250.4,1.6,1003.7,29.9,996.5,57.2,25.6,25.6,1005.2,20.53,342.4,0.0,48.6,39.4,0.5,97,32
25.2,985.3,1.3,2.0,0.0,1003.9,985.0,28.7,1004.3,1004.6,0.0,20.52,56.4,296.6,0.0,296.7,0.0,261.7,1.5,0.0,75.0,0.0,997.5,1004.3,1.2,289.5,2.6,1003.6,30.1,996.5,52.5,25.1,26.9,1005.1,20.72,13.5,0.0,50.2,37.6,0.5,98,32
25.3,985.4,3.2,2.1,0.0,1003.8,984.9,28.8,1004.1,1004.9,0.0,20.87,80.1,23.7,0.0,330.4,0.0,265.2,3.5,0.0,72.9,2.5,997.5,1004.2,1.4,340.0,1.9,1003.6,29.7,996.4,50.0,21.2,27.9,1005.1,20.95,17.7,0.0,49.9,38.3,0.5,99,32
26.3,985.4,3.4,2.1,0.0,1003.8,984.7,28.8,1003.9,1004.9,0.0,21.23,86.4,11.4,0.0,353.2,0.0,248.5,1.9,0.0,69.3,2.5,997.4,1004.3,1.8,312.5,1.7,1003.5,29.9,996.5,43.9,21.1,28.1,1005.0,21.23,55.3,0.0,51.7,38.0,0.5,100,32
25.8,985.3,3.7,3.2,0.0,1003.7,984.7,29.0,1003.9,1004.9,0.0,21.59,83.9,44.6,0.0,22.0,0.0,260.0,2.4,0.0,68.7,2.5,997.4,1004.1,0.6,358.7,2.0,1003.4,29.8,996.3,43.9,20.9,28.1,1004.9,21.52,341.6,0.0,49.3,38.2,0.5,101,32
26.6,985.1,2.7,1.2,0.0,1003.8,984.6,28.4,1003.8,1004.6,0.0,21.8,83.5,14.3,0.0,1.1,0.0,305.4,2.2,0.0,62.2,2.5,997.4,1004.2,1.8,288.0,3.1,1003.4,30.0,996.4,42.9,21.7,28.0,1004.9,21.62,341.7,0.0,49.7,38.8,0.5,102,32
26.7,985.0,3.1,2.5,0.0,1003.9,984.5,28.1,1003.7,1004.4,0.0,21.9,76.7,332.0,0.0,14.3,0.0,357.8,0.9,0.0,64.1,2.5,997.5,1004.2,0.9,256.7,2.4,1003.4,28.9,996.4,44.0,22.2,27.6,1004.9,21.69,54.0,0.0,50.0,37.9,0.5,103,32
26.7,985.0,2.7,1.3,0.0,1003.9,984.9,27.8,1004.3,1004.4,0.0,21.97,78.3,356.5,0.0,355.5,0.0,295.2,0.7,0.0,61.4,2.5,997.5,1004.3,2.6,318.4,2.4,1003.4,28.8,996.4,60.8,22.1,25.1,1004.9,21.74,74.6,0.0,51.9,37.9,0.5,104,32
26.6,984.9,1.8,1.3,0.0,1003.8,984.9,27.5,1004.3,1004.3,0.0,22.2,79.3,267.8,0.0,324.0,0.0,292.0,0.3,0.0,63.5,2.5,997.4,1004.4,3.2,288.8,2.1,1003.2,28.8,996.5,69.3,22.2,23.8,1004.7,21.77,218.1,0.0,52.2,43.7,0.5,105,32
26.3,984.9,0.8,1.5,0.0,1003.6,984.9,27.3,1004.4,1004.3,0.0,22.46,78.3,291.4,0.0,298.3,0.0,323.5,0.6,0.0,62.6,2.5,997.2,1004.3,1.4,282.3,3.1,1003.3,28.9,996.4,69.6,22.3,23.0,1004.8,21.8,135.0,0.0,53.6,44.5,0.5,106,32
26.3,984.9,1.2,2.4,0.0,1003.7,985.0,27.2,1004.5,1004.3,0.0,22.71,80.1,313.2,0.0,297.1,0.0,297.8,0.8,0.0,63.5,2.5,997.3,1004.4,1.8,284.9,3.4,1003.3,29.2,996.5,71.9,22.2,23.2,1004.8,21.82,33.6,0.0,54.3,41.9,0.5,107,32
26.1,984.8,2.2,1.9,0.0,1003.7,985.1,26.8,1004.5,1004.2,0.0,22.94,77.7,264.1,0.0,267.0,0.0,320.1,1.0,0.0,63.7,2.5,997.3,1004.4,1.9,312.8,4.3,1003.4,28.7,996.5,70.6,22.3,24.0,1004.9,21.86,156.6,0.0,60.6,44.3,0.5,108,32
26.1,984.8,1.5,1.1,0.0,1003.8,985.2,26.8,1004.6,1004.1,0.0,23.12,76.8,246.3,0.0,268.9,0.0,303.4,0.4,0.0,64.1,2.5,997.4,1004.6,2.2,332.6,2.9,1003.4,28.9,996.7,73.8,22.9,23.5,1004.9,21.92,197.7,0.0,61.8,44.2,0.5,109,32
26.0,984.9,1.1,0.7,0.0,1003.9,985.2,26.7,1004.7,1004.1,0.0,23.28,74.9,94.4,0.0,250.3,0.0,356.9,0.7,0.0,64.5,2.5,997.5,1004.7,1.7,290.2,2.5,1003.4,28.6,996.8,76.2,23.7,23.2,1004.9,21.97,263.3,0.0,61.8,45.3,0.5,110,32
26.3,985.0,2.7,1.1,0.0,1004.0,985.4,26.4,1004.9,1004.2,0.0,23.4,73.6,326.9,0.0,120.7,0.0,295.3,0.5,0.0,64.3,2.5,997.6,1005.0,2.1,339.9,1.2,1003.5,28.3,997.1,76.3,24.3,23.2,1005.0,22.02,199.9,0.0,66.6,46.1,0.5,111,32
26.2,985.2,1.5,1.4,0.0,1004.1,985.6,25.8,1005.1,1004.4,0.0,23.53,74.7,0.0,0.0,169.3,0.0,37.3,0.1,0.0,63.8,2.5,997.7,1005.1,2.2,338.1,0.8,1003.6,27.7,997.2,75.3,24.1,22.7,1005.1,22.04,153.9,0.0,68.8,47.4,0.5,112,32
25.7,985.3,2.7,1.0,0.0,1004.3,985.7,25.3,1005.3,1004.6,0.0,23.62,81.7,49.9,0.0,127.0,0.0,349.1,1.0,0.0,63.6,2.5,997.9,1005.3,1.1,299.3,2.5,1003.8,28.0,997.3,79.4,23.3,22.0,1005.3,22.07,193.6,0.0,72.3,46.8,0.5,113,32
25.7,985.3,0.3,0.8,0.0,1004.4,985.8,25.0,1005.4,1004.7,0.0,23.7,84.6,21.5,0.0,227.4,0.0,320.7,1.1,0.0,64.6,2.5,998.0,1005.2,2.0,286.7,1.5,1003.8,28.0,997.2,82.8,22.4,21.6,1005.3,22.1,223.2,0.0,70.9,46.4,0.5,114,32
25.4,985.4,2.2,0.0,0.0,1004.4,985.8,24.5,1005.5,1004.8,0.0,23.77,86.8,2.7,0.0,182.3,0.0,322.8,0.9,0.0,64.9,2.5,998.0,1005.3,0.0,0.0,2.2,1003.9,27.7,997.4,83.7,21.9,21.5,1005.4,22.12,238.8,0.0,71.9,45.5,0.5,115,32
25.2,985.5,0.7,0.7,0.0,1004.4,986.2,24.1,1005.9,1005.0,0.0,23.79,85.8,317.9,0.0,144.5,0.0,305.6,0.6,0.0,66.5,2.5,998.0,1005.4,1.6,293.1,1.4,1004.0,27.7,997.5,84.2,21.7,21.2,1005.5,22.14,127.3,0.0,72.2,45.2,0.5,116,32
25.2,985.7,1.7,1.5,0.0,1004.6,986.1,23.8,1005.8,1005.2,1.0,23.82,84.1,37.2,0.0,130.8,0.0,331.7,1.3,0.0,66.5,2.5,998.2,1005.5,0.8,224.3,1.6,1004.1,27.8,997.6,86.8,21.3,20.8,1005.6,22.15,26.9,0.0,75.0,44.7,0.5,117,32
25.0,985.6,1.5,1.7,0.0,1004.6,986.0,23.5,1005.7,1005.2,1.5,23.84,86.5,7.1,0.0,145.7,0.0,297.1,0.8,0.0,67.1,2.5,998.2,1005.8,1.9,194.5,2.0,1004.2,28.0,997.8,89.2,20.8,21.0,1005.7,22.16,355.7,0.0,77.4,40.2,0.5,118,32
24.9,985.8,1.6,1.0,0.0,1004.8,986.4,23.3,1006.1,1005.4,2.0,23.86,87.5,253.1,0.0,151.1,0.0,300.6,0.8,0.0,67.4,2.5,998.4,1005.9,0.9,145.0,1.1,1004.3,27.2,997.9,88.4,20.5,20.8,1005.8,22.16,259.8,0.0,77.7,49.8,0.5,119,32
24.7,985.9,2.2,1.4,0.0,1004.9,986.4,23.2,1006.1,1005.5,2.5,23.86,87.2,360.0,0.0,143.6,0.0,259.6,1.4,0.0,68.5,2.5,998.5,1006.0,2.4,113.4,1.4,1004.3,27.0,998.0,88.8,20.2,21.0,1005.8,22.16,266.2,0.0,77.1,51.9,0.5,120,32
24.5,986.0,2.2,1.0,0.0,1005.0,986.6,23.1,1006.3,1005.7,2.5,23.87,86.7,32.1,0.0,142.1,0.0,252.1,0.7,0.0,69.1,2.5,998.6,1006.0,2.2,108.5,1.0,1004.4,26.7,998.0,85.9,19.9,20.9,1005.9,22.16,268.7,0.0,77.7,55.5,0.5,121,32
24.2,986.1,1.4,1.0,0.0,1005.1,986.7,23.0,1006.5,1005.8,2.5,23.87,86.2,341.3,0.0,77.9,0.0,271.3,0.3,0.0,71.8,2.5,998.7,1006.1,0.0,0.0,1.0,1004.5,26.7,998.1,87.3,20.2,20.6,1006.0,22.16,253.9,0.0,78.1,53.6,0.5,122,32
24.0,986.1,1.0,1.3,0.0,1005.3,986.7,23.0,1006.5,1005.7,2.5,23.87,82.1,218.7,0.0,135.7,0.0,252.7,0.7,0.0,73.3,2.5,998.8,1006.1,1.4,336.5,0.5,1004.6,26.4,998.1,89.5,20.8,20.4,1006.1,22.16,251.5,0.0,76.1,52.3,0.5,123,32
24.1,986.5,1.2,1.5,0.0,1005.4,986.7,23.0,1006.5,1006.0,2.5,23.87,82.9,232.5,0.0,167.1,0.0,227.0,1.8,0.0,73.6,2.5,998.9,1006.4,0.3,265.0,2.0,1004.8,26.2,998.4,87.4,21.2,20.4,1006.3,22.16,259.6,0.0,75.3,53.3,0.5,124,32
23.4,986.9,1.5,0.4,0.0,1005.6,986.7,23.0,1006.5,1006.5,2.5,23.87,85.4,321.6,0.0,189.7,0.0,195.3,0.9,0.0,78.6,5.5,999.1,1006.5,2.2,33.4,1.0,1005.0,25.7,998.5,87.8,20.7,20.4,1006.5,22.16,231.9,0.0,75.1,54.0,0.5,125,32
23.2,987.0,0.8,0.8,0.0,1005.7,987.2,23.0,1007.1,1006.7,2.5,23.88,84.7,289.3,0.0,170.8,0.0,130.3,1.1,0.0,82.2,8.5,999.2,1006.6,1.1,349.4,3.8,1005.3,25.7,998.6,89.7,20.1,20.0,1006.8,22.16,238.1,0.0,74.5,54.6,0.5,126,32
22.0,987.2,1.3,0.6,0.0,1005.8,987.3,22.8,1007.2,1006.8,2.5,23.88,91.4,66.4,0.0,157.4,0.0,131.9,0.9,0.0,86.0,9.0,999.3,1006.7,1.0,324.0,3.1,1005.5,25.7,998.7,91.3,19.3,19.8,1007.0,22.16,172.9,0.0,76.4,54.8,0.5,127,32
21.7,987.3,2.5,2.2,0.0,1006.0,987.5,22.6,1007.4,1006.9,2.5,23.88,92.6,350.3,0.0,146.9,0.0,154.7,2.0,0.0,86.1,9.0,999.5,1006.9,0.1,277.7,3.6,1005.7,25.5,998.9,91.7,19.1,19.8,1007.2,22.16,144.1,0.0,80.0,56.4,0.5,128,32
21.6,987.5,1.8,2.6,0.0,1006.1,987.7,22.5,1007.6,1007.2,2.5,23.88,93.2,61.2,0.0,151.0,0.0,154.1,0.4,0.0,85.5,10.0,999.6,1007.1,0.4,302.3,2.4,1005.7,25.5,999.1,88.5,18.8,19.9,1007.2,22.16,151.0,0.0,79.9,56.8,0.5,129,32
21.5,987.7,2.0,2.4,0.0,1006.3,987.7,22.5,1007.6,1007.4,2.5,23.88,93.9,333.2,0.0,118.6,0.0,162.0,1.0,0.0,85.1,10.5,999.8,1007.2,0.4,283.9,2.3,1005.9,25.2,999.2,89.3,18.8,19.9,1007.4,22.16,176.5,0.0,79.6,56.2,0.5,130,32
21.3,987.7,2.6,2.4,0.0,1006.4,987.7,22.4,1007.6,1007.4,2.5,23.88,93.6,340.2,0.0,106.3,0.0,152.3,1.1,0.0,85.8,10.5,999.9,1007.3,0.7,352.0,3.5,1005.9,25.0,999.3,87.9,18.6,19.9,1007.5,22.16,148.5,0.0,79.4,55.4,0.5,131,32
21.1,987.7,1.4,2.7,0.0,1006.6,987.9,22.3,1007.8,1007.4,2.5,23.88,93.4,359.6,0.0,136.5,0.0,142.2,1.0,0.0,86.4,10.5,1000.1,1007.5,0.5,280.1,2.5,1006.0,24.7,999.5,87.0,18.7,19.7,1007.6,22.16,154.5,0.0,78.6,56.0,0.5,132,32
21.0,987.7,1.6,2.0,0.0,1006.6,987.9,22.2,1007.8,1007.4,2.5,23.88,93.6,347.1,0.0,102.0,0.0,175.2,0.1,0.0,86.9,10.5,1000.1,1007.6,0.1,0.0,1.8,1006.0,24.6,999.6,86.7,18.5,19.8,1007.6,22.16,148.4,0.0,78.5,55.7,0.5,133,32
20.9,987.7,0.2,2.0,0.0,1006.6,987.8,22.2,1007.7,1007.4,2.5,23.88,93.6,29.2,0.0,201.1,0.0,168.1,0.9,0.0,86.8,10.5,1000.1,1007.6,0.4,271.0,1.4,1006.0,24.5,999.6,89.2,18.5,19.6,1007.6,22.16,152.3,0.0,79.0,56.0,0.5,134,32
20.8,987.6,2.6,2.0,0.0,1006.8,987.6,22.0,1007.3,1007.3,2.5,23.88,94.0,14.8,0.0,135.6,0.0,148.7,1.3,0.0,87.1,10.5,1000.3,1007.4,0.0,0.0,1.2,1006.0,24.2,999.4,88.8,18.2,19.5,1007.6,22.16,147.4,0.0,79.4,56.5,0.5,135,32
20.5,987.7,1.1,2.0,0.0,1006.8,987.8,21.9,1007.7,1007.4,2.5,23.88,94.5,304.7,0.0,227.1,0.0,267.7,0.7,0.0,88.0,10.5,1000.3,1007.4,1.6,113.4,0.6,1006.1,24.3,999.4,89.7,18.0,19.7,1007.7,22.16,149.1,0.0,80.4,56.4,0.5,136,32
20.2,987.8,1.1,1.6,0.0,1006.9,987.8,21.7,1007.7,1007.6,2.5,23.88,94.7,222.9,0.0,224.2,0.0,235.1,0.4,0.0,92.1,10.5,1000.4,1007.5,0.4,124.2,1.0,1006.1,24.2,999.4,88.6,17.8,19.6,1007.7,22.16,184.5,0.0,81.5,56.4,0.5,137,32
20.1,987.9,0.3,1.1,0.0,1006.9,987.7,21.7,1007.4,1007.7,2.5,23.88,95.2,298.4,0.0,234.9,0.0,240.1,0.9,0.0,90.8,10.5,1000.4,1007.5,0.0,0.0,1.3,1006.1,24.1,999.4,88.6,17.7,19.5,1007.7,22.16,215.2,0.0,82.1,56.9,0.5,138,32
19.9,987.6,0.9,0.8,0.0,1006.9,987.7,21.7,1007.5,1007.4,2.5,23.88,95.3,333.1,0.0,274.9,0.0,275.5,0.9,0.0,89.7,10.5,1000.4,1007.5,0.0,0.0,1.2,1006.0,23.8,999.4,89.9,17.7,19.1,1007.5,22.16,218.6,0.0,82.3,58.6,0.5,139,32
19.9,987.6,0.5,0.7,0.0,1006.8,987.7,21.6,1007.5,1007.4,2.5,23.88,95.6,216.4,0.0,277.3,0.0,247.0,1.0,0.0,90.1,10.5,1000.3,1007.5,0.0,0.0,1.3,1006.0,23.6,999.4,91.3,17.7,19.2,1007.5,22.16,161.7,0.0,82.5,59.1,0.5,140,32
19.7,987.7,0.9,0.6,0.0,1006.9,987.6,21.4,1007.4,1007.5,2.5,23.88,95.9,127.8,0.0,256.1,0.0,299.1,0.6,0.0,90.8,10.5,1000.4,1007.6,0.0,0.0,0.2,1006.0,23.6,999.5,90.2,17.8,19.2,1007.5,22.16,254.2,0.0,83.0,58.9,0.5,141,32
19.4,987.7,0.9,0.8,0.0,1006.9,987.8,21.3,1007.6,1007.5,2.5,23.88,95.9,323.8,0.0,255.1,0.0,0.0,0.6,0.0,91.5,10.5,1000.4,1007.6,0.0,0.0,0.1,1006.0,23.3,999.5,90.1,17.7,19.3,1007.6,22.16,300.0,0.0,83.2,59.8,0.5,142,32
19.1,987.6,1.0,0.3,0.0,1006.8,987.8,21.2,1007.5,1007.4,2.5,23.88,96.2,0.0,0.0,237.2,0.0,17.7,0.0,0.0,93.0,10.5,1000.3,1007.6,0.0,0.0,0.1,1006.1,23.2,999.5,89.6,17.7,19.5,1007.7,22.16,157.5,0.0,84.0,59.5,0.5,143,32
