,Y18
144,19.1711
145,18.7703
146,18.9554
147,18.7819
148,18.9021
149,19.0561
150,18.7973
151,18.9428
152,18.925
153,18.7815
154,18.7208
155,18.9797
156,19.0188
157,18.8578
158,18.7585
159,18.7409
160,19.2433
161,18.8612
162,18.9073
163,19.0131
164,19.087
165,19.1366
166,18.9789
167,19.1334
168,18.987000000000002
169,18.8277
170,18.8364
171,18.967
172,18.9615
173,18.8195
174,18.9894
175,18.8338
176,18.9448
177,18.9595
178,18.7934
179,18.9837
180,18.8837
181,18.7295
182,18.737000000000002
183,18.775
184,18.6794
185,18.9571
186,19.1504
187,19.371
188,19.4903
189,19.9195
190,20.0075
191,20.6104
192,21.3961
193,22.7887
194,23.5919
195,24.0103
196,25.2112
197,26.3352
198,26.8622
199,27.2214
200,27.8078
201,28.9263
202,30.2705
203,31.3349
204,31.5921
205,33.0234
206,34.3357
207,34.7063
208,35.5576
209,36.2467
210,37.0786
211,35.5769
212,35.8582
213,37.6643
214,37.1254
215,35.2331
216,35.6962
217,34.3883
218,35.4231
219,35.1784
220,32.0857
221,32.015
222,32.1453
223,32.0824
224,32.5636
225,32.6592
226,32.524
227,32.0583
228,32.1477
229,32.4868
230,32.2829
231,32.0336
232,32.0219
233,32.2044
234,32.4699
235,33.0354
236,32.5986
237,32.0852
238,31.7745
239,32.2175
240,31.6284
241,31.3769
242,31.6144
243,31.7697
244,31.1758
245,31.0468
246,30.996
247,31.0935
248,30.8039
249,30.4579
250,30.4277
251,30.0383
252,29.7503
253,29.6154
254,29.465
255,29.0676
256,28.6783
257,28.448
258,28.1314
259,27.9063
260,27.4713
261,26.3229
262,26.3103
263,26.0909
264,24.7056
265,24.1986
266,24.1958
267,23.9937
268,23.666999999999998
269,23.2654
270,23.263
271,22.9518
272,22.6731
273,22.6261
274,22.5018
275,22.5065
276,22.1531
277,21.9771
278,22.0211
279,21.9927
280,21.7615
281,21.3593
282,21.7605
283,21.1372
284,20.8446
285,20.4921
286,20.8108
287,19.9603
288,19.1886
289,19.1734
290,18.980999999999998
291,19.3497
292,19.4387
293,19.2207
294,19.2914
295,19.3407
296,19.3535
297,19.041
298,19.0506
299,18.8666
300,18.8983
301,18.8354
302,18.9593
303,18.8612
304,18.8422
305,18.778
306,18.9619
307,18.9781
308,18.9765
309,18.7548
310,18.8446
311,19.0474
312,18.9262
313,19.0546
314,18.8097
315,18.9465
316,18.7988
317,19.0056
318,19.1231
319,18.8435
320,18.8151
321,18.9544
322,18.9203
323,18.8103
324,18.409000000000002
325,18.6812
326,19.2014
327,18.914
328,19.2321
329,19.7733
330,21.7321
331,22.6069
332,23.5295
333,24.0779
334,24.9662
335,24.9495
336,25.7723
337,26.1035
338,26.6486
339,27.1249
340,28.6105
341,27.5846
342,28.3902
343,28.5175
344,29.2387
345,30.0067
346,30.0218
347,30.0316
348,31.5071
349,32.3772
350,32.9187
351,33.7797
352,33.8673
353,34.039
354,35.6138
355,35.2827
356,37.06
357,35.165
358,36.8886
359,37.7198
360,36.4429
361,37.3151
362,36.6802
363,37.4749
364,37.6345
365,36.1842
366,35.9326
367,37.2034
368,37.0897
369,37.8689
370,36.869
371,34.6111
372,35.2041
373,32.2405
374,32.3628
375,32.8423
376,33.6518
377,33.0528
378,33.4928
379,33.066
380,32.6596
381,34.8325
382,32.4347
383,32.7183
384,32.6343
385,32.219
386,32.3906
387,32.2297
388,32.0391
389,32.0167
390,31.7152
391,32.3807
392,31.7631
393,31.6265
394,31.4612
395,31.166
396,30.7579
397,30.8023
398,30.278000000000002
399,29.7846
400,29.2598
401,28.9802
402,28.4721
403,28.1567
404,27.713
405,26.3931
406,25.9387
407,25.4243
408,25.2047
409,24.8227
410,24.1921
411,23.4433
412,23.5847
413,23.4087
414,23.0035
415,23.1257
416,22.7606
417,22.5777
418,22.3395
419,22.3371
420,21.9564
421,22.0207
422,22.1609
423,21.6071
424,21.7114
425,21.5034
426,21.1206
427,20.7531
428,19.8898
429,19.6034
430,20.9719
431,19.7583
432,19.1021
433,18.9876
434,18.8215
435,18.9908
436,18.8807
437,18.9998
438,19.1243
439,18.8218
440,18.784000000000002
441,18.8764
442,18.8337
443,18.9328
444,18.7535
445,18.8907
446,19.0011
447,18.823
448,18.7083
449,18.9104
450,18.8128
451,18.676
452,18.7077
453,18.7781
454,18.7852
455,18.7134
456,18.7923
457,18.7743
458,18.7634
459,18.6067
460,18.7633
461,18.6599
462,18.7094
463,18.6927
464,18.8231
465,18.875999999999998
466,18.9139
467,18.871
468,18.8221
469,18.7308
470,18.7419
471,18.6613
472,18.6807
473,18.9192
474,18.6251
475,18.8618
476,19.3975
477,22.6766
478,21.8199
479,22.066999999999997
480,24.4753
481,24.5082
482,26.1382
483,25.6147
484,27.4038
485,27.959
486,29.9063
487,30.561
488,31.0834
489,31.7749
490,32.8543
491,33.7745
492,33.7539
493,33.8701
494,35.4676
495,35.2266
496,37.1942
497,37.5369
498,37.0828
499,37.7596
500,37.4545
501,38.0569
502,37.8602
503,39.4514
504,39.2696
505,40.7217
506,39.9689
507,39.6592
508,38.6499
509,38.9268
510,39.5959
511,39.3352
512,39.9534
513,38.8988
514,38.9897
515,37.5136
516,38.7694
517,36.8348
518,36.4389
519,36.1443
520,34.0341
521,36.8221
522,34.1246
523,34.6482
524,34.3247
525,33.3872
526,33.6544
527,34.3921
528,33.2697
529,33.1495
530,32.7919
531,32.9768
532,32.6997
533,32.6937
534,31.8814
535,31.6899
536,31.6883
537,31.4661
538,31.1182
539,30.8935
540,30.2854
541,29.8063
542,29.1853
543,29.3014
544,28.3523
545,27.9516
546,27.340999999999998
547,26.7827
548,26.1645
549,26.1433
550,25.8313
551,25.1259
552,25.0844
553,24.62
554,24.326999999999998
555,24.0736
556,23.7198
557,23.0552
558,23.0953
559,22.8902
560,22.5561
561,22.3045
562,22.1827
563,22.0553
564,22.131
565,21.8496
566,21.987
567,21.7219
568,21.0583
569,21.5128
570,21.0859
571,19.9695
572,20.7929
573,20.0114
574,19.583
575,19.5223
576,20.3316
577,19.7883
578,19.8916
579,19.4407
580,19.8742
581,19.4254
582,19.331
583,19.2893
584,19.2449
585,19.0298
586,19.1074
587,19.0011
588,19.0518
589,18.9597
590,18.8927
591,19.0011
592,18.9617
593,18.9213
594,18.9533
595,18.8985
596,18.9696
597,18.8121
598,18.9665
599,18.8066
600,18.6931
601,18.7155
602,18.9636
603,18.7998
604,18.8614
605,18.8834
606,18.9126
607,18.8748
608,18.8672
609,18.684
610,18.570999999999998
611,18.8342
612,18.8149
613,19.1231
614,19.4194
615,19.3545
616,19.2492
617,19.5685
618,19.8775
619,19.3282
620,19.7695
621,19.7254
622,21.1714
623,21.7417
624,23.2546
625,27.3563
626,27.0517
627,28.0809
628,28.1955
629,28.7623
630,29.101
631,28.7205
632,28.9881
633,29.1775
634,29.8949
635,30.4895
636,31.0465
637,31.8365
638,32.8705
639,33.4088
640,32.7948
641,35.2855
642,33.549
643,34.4199
644,34.8419
645,35.4858
646,35.0178
647,37.0596
648,36.4651
649,36.4611
650,36.4025
651,36.4095
652,36.4503
653,36.8588
654,37.2964
655,36.814
656,36.5018
657,37.2546
658,36.8494
659,34.9209
660,36.2298
661,36.159
662,36.5651
663,35.7127
664,35.3177
665,34.9059
666,34.5081
667,35.0065
668,33.7633
669,33.2962
670,33.6627
671,33.8957
672,31.8181
673,32.0592
674,32.0057
675,31.1682
676,31.1401
677,31.430999999999997
678,30.7846
679,31.016
680,29.9138
681,30.4391
682,29.7222
683,29.3937
684,29.074
685,28.8593
686,27.8052
687,26.7447
688,28.4385
689,26.4266
690,26.5251
691,26.3751
692,25.8223
693,25.3111
694,24.8627
695,25.1805
696,24.4691
697,23.9385
698,23.2868
699,22.744
700,23.2238
701,22.3785
702,22.3128
703,22.7285
704,21.7747
705,21.4825
706,21.1529
707,21.0427
708,20.8347
709,20.2218
710,21.1824
711,20.1577
712,19.464000000000002
713,20.6003
714,19.1537
715,19.1464
716,18.9747
717,20.0987
718,19.0356
719,18.9752
720,19.027
721,19.0681
722,19.0315
723,18.9298
724,18.4066
725,18.9113
726,18.828
727,18.7895
728,18.4033
729,19.0366
730,18.7969
731,18.727
732,18.799
733,18.692
734,18.785999999999998
735,19.16
736,18.9461
737,18.9283
738,19.1103
739,18.5796
740,18.7462
741,18.6646
742,18.8001
743,18.6343
744,18.6541
745,18.6346
746,18.7064
747,18.7053
748,18.8927
749,18.902
750,18.8199
751,18.8839
752,18.9059
753,18.8009
754,18.6595
755,18.5243
756,18.6644
757,18.4475
758,18.7246
759,19.1912
760,18.6812
761,18.7984
762,18.8197
763,19.6263
764,20.0049
765,20.79
766,23.624000000000002
767,24.5566
768,23.9513
769,27.0458
770,26.6138
771,28.0872
772,28.1661
773,28.1824
774,29.0833
775,28.2748
776,30.6093
777,30.8142
778,32.0327
779,32.3036
780,32.8037
781,34.4147
782,35.0946
783,35.5524
784,36.7762
785,37.1471
786,37.6754
787,38.014
788,38.0952
789,37.6421
790,37.8724
791,38.1606
792,38.3851
793,39.3037
794,38.7166
795,39.6636
796,38.324
797,39.0903
798,38.4937
799,38.2613
800,38.9108
801,37.7637
802,39.5225
803,36.8922
804,37.4632
805,37.3972
806,36.6139
807,36.4043
808,35.0922
809,35.2122
810,33.3842
811,33.4202
812,32.9873
813,32.8534
814,33.0189
815,32.7512
816,32.2548
817,32.5342
818,32.2798
819,32.1762
820,32.3272
821,31.8954
822,32.0614
823,31.4045
824,31.3859
825,31.0845
826,31.3344
827,30.7221
828,30.6388
829,30.4004
830,29.7221
831,29.1884
832,29.3711
833,29.1962
834,28.8952
835,28.7322
836,28.1232
837,28.3146
838,27.9338
839,27.4635
840,27.0195
841,26.6169
842,26.5482
843,26.2281
844,26.1715
845,25.7855
846,25.471999999999998
847,25.6357
848,25.4118
849,25.592
850,25.3051
851,25.0719
852,24.9696
853,24.8836
854,24.798000000000002
855,24.4828
856,24.4538
857,24.4173
858,24.0939
859,24.1269
860,23.9846
861,23.726999999999997
862,23.2982
863,23.0529
864,25.9514
865,25.2673
866,24.781999999999996
867,24.9
868,23.4442
869,23.7703
870,23.7064
871,22.8567
872,23.4084
873,22.2651
874,22.3877
875,21.5649
876,21.3603
877,21.094
878,20.9422
879,21.1996
880,20.7409
881,20.3442
882,20.3649
883,19.7535
884,19.6078
885,19.4228
886,19.3071
887,19.2592
888,19.3863
889,19.3366
890,19.2811
891,19.2556
892,19.2463
893,19.2376
894,19.2776
895,19.3137
896,19.3606
897,19.3323
898,19.3628
899,19.3425
900,19.3608
901,19.2875
902,19.7119
903,19.7634
904,19.802
905,19.7446
906,19.7491
907,19.6753
908,19.9299
909,20.1178
910,20.1845
911,20.6133
912,20.5916
913,20.5151
914,20.673000000000002
915,20.647
916,20.8173
917,20.8752
918,20.9834
919,20.9621
920,21.0614
921,20.9126
922,21.0231
923,20.9723
924,21.0019
925,21.0674
926,21.3761
927,21.2843
928,21.1445
929,21.1717
930,21.3131
931,21.3071
932,21.6346
933,21.4886
934,21.7703
935,23.0398
936,22.083000000000002
937,22.3014
938,21.9557
939,21.9006
940,21.6464
941,21.2655
942,21.6069
943,21.6007
944,21.3964
945,21.1665
946,21.1139
947,21.0592
948,21.0958
949,21.2021
950,20.9837
951,21.2009
952,21.1171
953,21.1904
954,21.0531
955,21.1265
956,21.2557
957,21.1126
958,20.9627
959,21.1412
960,20.6459
961,20.7194
962,20.5558
963,20.6264
964,20.5898
965,20.5426
966,20.5435
967,20.516
968,20.2982
969,20.4433
970,20.5589
971,20.4342
972,20.1117
973,20.3188
974,20.3505
975,20.1876
976,20.5553
977,20.0676
978,20.1753
979,19.9533
980,19.8005
981,19.975
982,19.8793
983,20.0682
984,19.5948
985,19.9562
986,19.9885
987,19.8799
988,19.8114
989,19.6513
990,19.5328
991,19.782
992,19.2519
993,19.2032
994,19.3987
995,18.947
996,18.9524
997,18.8951
998,18.8279
999,18.9233
1000,18.8173
1001,18.7888
1002,18.8352
1003,18.8419
1004,19.053
1005,18.8381
1006,18.988
1007,18.8136
1008,19.0646
1009,18.8736
1010,19.1225
1011,18.8064
1012,19.0237
1013,18.6168
1014,18.6929
1015,19.1344
1016,19.1472
1017,19.0297
1018,18.8109
1019,19.049
1020,19.0599
1021,19.0811
1022,19.0852
1023,19.1811
1024,18.975
1025,19.1473
1026,18.9103
1027,19.0465
1028,19.3254
1029,19.0829
1030,19.2113
1031,19.1042
1032,19.2923
1033,18.9467
1034,19.1718
1035,19.1847
1036,19.2843
1037,18.8153
1038,19.0552
1039,18.7131
1040,18.7836
1041,18.7443
1042,19.0229
1043,18.8976
1044,19.0518
1045,18.8867
1046,18.6665
1047,18.6839
1048,18.9525
1049,18.847
1050,18.8291
1051,18.7703
1052,18.7482
1053,18.6354
1054,19.0592
1055,19.0032
1056,19.3937
1057,19.3622
1058,19.564
1059,19.7118
1060,19.382
1061,20.5435
1062,19.9117
1063,20.8196
1064,22.3567
1065,21.6028
1066,21.8753
1067,23.1142
1068,23.3151
1069,22.8798
1070,23.424
1071,23.6067
1072,23.9427
1073,24.3672
1074,24.4338
1075,25.3814
1076,24.5408
1077,25.4968
1078,25.853
1079,26.0805
1080,26.27
1081,25.2565
1082,26.5385
1083,25.5741
1084,26.3748
1085,26.1559
1086,26.6113
1087,27.1755
1088,26.6316
1089,26.980999999999998
1090,27.2044
1091,26.964000000000002
1092,26.9963
1093,27.3401
1094,27.0808
1095,27.996
1096,27.5581
1097,27.4395
1098,27.5996
1099,27.5711
1100,27.8848
1101,27.3689
1102,27.8903
1103,27.5272
1104,27.5221
1105,27.7654
1106,27.7733
1107,27.5464
1108,26.9477
1109,27.1585
1110,26.8731
1111,26.9107
1112,27.0951
1113,26.6673
1114,26.6479
1115,26.1804
1116,26.1118
1117,25.6166
1118,25.5723
1119,25.5056
1120,25.3627
1121,24.5646
1122,24.2002
1123,23.9193
1124,23.2889
1125,22.7259
1126,22.5048
1127,22.0988
1128,21.9517
1129,21.648000000000003
1130,21.086
1131,21.3508
1132,21.3238
1133,21.3473
1134,20.209
1135,19.602
1136,19.173
1137,19.0224
1138,19.3218
1139,19.4603
1140,18.9328
1141,19.1275
1142,19.0103
1143,19.1682
1144,18.8725
1145,18.8408
1146,19.0573
1147,18.9335
1148,18.9017
1149,18.8998
1150,19.0041
1151,18.9261
1152,19.113
1153,19.0326
1154,18.9563
1155,18.9083
1156,18.9641
1157,18.8506
1158,19.0167
1159,18.9547
1160,18.8866
1161,18.8773
1162,18.6963
1163,18.7092
1164,18.814
1165,18.8526
1166,18.6631
1167,18.7245
1168,18.6489
1169,18.7311
1170,18.8194
1171,18.6911
1172,18.9515
1173,18.8914
1174,18.9769
1175,18.9571
1176,18.7592
1177,18.7739
1178,18.6631
1179,18.7342
1180,18.9597
1181,18.9337
1182,18.8842
1183,18.7531
1184,18.8109
1185,18.8093
1186,18.8395
1187,18.8437
1188,18.7587
1189,18.7874
1190,18.9353
1191,18.7997
1192,18.7961
1193,18.8179
1194,18.8643
1195,18.7034
1196,18.6872
1197,19.0075
1198,18.8979
1199,19.0994
1200,19.8278
1201,20.2908
1202,20.9692
1203,23.4852
1204,22.4982
1205,23.65
1206,24.9468
1207,26.445
1208,25.8068
1209,26.0664
1210,26.8976
1211,27.7484
1212,27.7204
1213,27.7401
1214,28.5775
1215,29.7832
1216,28.7645
1217,30.4397
1218,30.789
1219,31.1809
1220,30.9519
1221,31.0441
1222,32.6555
1223,33.2522
1224,34.4966
1225,32.579
1226,33.4933
1227,32.8967
1228,32.4907
1229,31.8111
1230,32.532
1231,32.1078
1232,32.8784
1233,31.6065
1234,30.7226
1235,30.8599
1236,30.976
1237,31.2979
1238,30.4911
1239,30.8894
1240,31.2849
1241,30.7429
1242,31.1809
1243,30.9435
1244,30.5822
1245,30.2943
1246,30.3391
1247,30.6616
1248,30.3793
1249,30.8119
1250,29.9332
1251,29.9214
1252,29.8944
1253,30.0261
1254,29.8594
1255,29.6321
1256,29.4957
1257,29.212
1258,29.1226
1259,28.7527
1260,28.5343
1261,28.2923
1262,27.7911
1263,27.3621
1264,27.3669
1265,26.9117
1266,26.5046
1267,26.0973
1268,25.7164
1269,24.7675
1270,24.9956
1271,24.5183
1272,23.7896
1273,23.7088
1274,23.0566
1275,23.1538
1276,22.8071
1277,22.6096
1278,22.5125
1279,22.0789
1280,21.846999999999998
1281,21.6408
1282,21.4585
1283,21.2252
1284,20.3841
1285,20.0365
1286,19.1635
1287,20.0274
1288,19.1689
1289,18.933
1290,18.9021
1291,18.9578
1292,18.9602
1293,18.8216
1294,19.1347
1295,19.0187
1296,18.9923
1297,19.0821
1298,19.0072
1299,19.0711
1300,18.8892
1301,18.7897
1302,18.6795
1303,18.8731
1304,18.7464
1305,18.814
1306,18.8034
1307,18.9018
1308,18.8985
1309,18.8834
1310,18.8439
1311,18.7862
1312,18.9073
1313,18.919
1314,18.8721
1315,18.8282
1316,18.8889
1317,18.9461
1318,18.927
1319,18.9618
1320,18.7701
1321,18.8629
1322,18.9131
1323,18.6203
1324,18.7938
1325,18.6202
1326,18.7148
1327,18.7119
1328,18.7596
1329,18.8694
1330,18.8416
1331,18.8797
1332,18.9831
1333,18.9453
1334,19.1193
1335,19.1211
1336,18.9687
1337,19.0362
1338,19.1957
1339,19.2481
1340,19.1363
1341,19.283
1342,19.2861
1343,19.6105
1344,21.0448
1345,20.0039
1346,23.6106
1347,26.2218
1348,25.2436
1349,27.3329
1350,27.1049
1351,27.4355
1352,27.5457
1353,27.4395
1354,29.0535
1355,29.2123
1356,30.165
1357,30.2983
1358,31.3699
1359,31.0545
1360,31.4137
1361,32.2019
1362,33.5382
1363,32.3139
1364,33.4803
1365,32.4459
1366,34.0482
1367,33.8092
1368,34.175
1369,34.9247
1370,34.349000000000004
1371,34.3343
1372,32.5191
1373,33.5144
1374,33.351
1375,34.2108
1376,31.775
1377,32.5095
1378,31.566999999999997
1379,33.0598
1380,31.6976
1381,31.4412
1382,31.0725
1383,30.8483
1384,29.8416
1385,30.226
1386,29.6183
1387,29.75
1388,29.6876
1389,29.6187
1390,29.1073
1391,28.651
1392,28.2251
1393,28.4906
1394,27.7292
1395,28.1798
1396,27.6764
1397,27.1302
1398,27.4054
1399,26.9905
1400,26.9176
1401,26.7779
1402,26.9336
1403,26.788
1404,26.8409
1405,26.3372
1406,26.0046
1407,25.3819
1408,25.1533
1409,25.0943
1410,24.7313
1411,24.8131
1412,24.9388
1413,24.6926
1414,24.4527
1415,24.4274
1416,23.8384
1417,23.9691
1418,23.3955
1419,23.5809
1420,23.6037
1421,22.4508
1422,22.3698
1423,21.6227
1424,21.9513
1425,21.4183
1426,20.8528
1427,20.6496
1428,21.0315
1429,20.9107
1430,20.3592
1431,19.6737
1432,19.6006
1433,19.5324
1434,19.1501
1435,19.2547
1436,19.1604
1437,18.9695
1438,19.0599
1439,19.0729
1440,19.0169
1441,18.941
1442,18.9181
1443,18.9314
1444,18.9461
1445,19.4444
1446,19.1427
1447,18.8924
1448,19.0529
1449,18.9459
1450,19.2192
1451,18.7504
1452,18.9645
1453,18.9285
1454,18.9357
1455,18.8364
1456,18.8892
1457,19.2835
1458,18.8162
1459,18.7595
1460,18.8376
1461,18.539
1462,18.8443
1463,18.8134
1464,18.772000000000002
1465,18.7896
1466,18.8916
1467,18.8906
1468,18.539
1469,18.7881
1470,18.7065
1471,18.8627
1472,18.6049
1473,18.9096
1474,18.7463
1475,18.8007
1476,18.9156
1477,18.8839
1478,19.0163
1479,18.8525
1480,18.695999999999998
1481,18.7557
1482,18.8954
1483,19.0815
1484,18.9699
1485,19.0517
1486,18.9896
1487,18.9413
1488,18.9884
1489,20.4549
1490,23.4672
1491,22.0126
1492,23.7508
1493,24.5566
1494,25.1622
1495,25.1676
1496,25.4423
1497,26.293000000000003
1498,25.4658
1499,25.967
1500,26.1218
1501,26.149
1502,27.3632
1503,27.6155
1504,27.0893
1505,28.3136
1506,27.0432
1507,27.984
1508,27.9503
1509,27.9027
1510,27.734
1511,28.506999999999998
1512,28.5472
1513,28.3971
1514,28.1693
1515,29.7357
1516,28.5495
1517,28.2595
1518,27.9681
1519,28.147
1520,27.7176
1521,28.3391
1522,29.0001
1523,28.1572
1524,28.0278
1525,27.7376
1526,28.6689
1527,28.3593
1528,27.8924
1529,28.3572
1530,27.2511
1531,27.7217
1532,27.3757
1533,26.9819
1534,27.2001
1535,27.1979
1536,26.631999999999998
1537,26.2883
1538,26.6942
1539,26.0774
1540,26.0378
1541,26.0184
1542,25.4742
1543,25.3822
1544,25.4393
1545,25.1712
1546,24.4495
1547,24.6713
1548,24.0622
1549,23.9346
1550,23.4337
1551,23.4743
1552,22.8489
1553,22.6459
1554,22.5237
1555,22.2102
1556,21.976999999999997
1557,21.7832
1558,21.6853
1559,21.5849
1560,21.4113
1561,21.1465
1562,20.9168
1563,21.0246
1564,20.9828
1565,19.9526
1566,20.4488
1567,20.447
1568,18.9043
1569,19.8265
1570,19.8484
1571,18.8838
1572,18.887999999999998
1573,19.3514
1574,19.3725
1575,19.0943
1576,18.8258
1577,18.9602
1578,18.8405
1579,18.7495
1580,18.8025
1581,18.7731
1582,18.7862
1583,18.7572
1584,18.6257
1585,18.6183
1586,18.6118
1587,18.6459
1588,18.5938
1589,18.6407
1590,18.7321
1591,18.9991
1592,18.6194
1593,18.7535
1594,18.9528
1595,19.0646
1596,18.6344
1597,19.0951
1598,19.0317
1599,19.1319
1600,18.7793
1601,18.6823
1602,18.9413
1603,18.8028
1604,18.971
1605,18.6793
1606,18.8817
1607,18.928
1608,18.9381
1609,18.9537
1610,19.0103
1611,18.8921
1612,18.8715
1613,18.9613
1614,19.134
1615,19.1987
1616,19.1557
1617,19.0283
1618,19.059
1619,18.9976
1620,19.0457
1621,18.9751
1622,18.6062
1623,18.777
1624,18.7789
1625,18.9606
1626,18.8342
1627,18.828
1628,19.245
1629,18.8554
1630,19.1812
1631,18.923
1632,18.8124
1633,19.4628
1634,19.1079
1635,18.951
1636,18.9217
1637,20.0392
1638,20.2118
1639,20.1098
1640,21.6251
1641,23.1891
1642,24.3425
1643,25.2957
1644,25.5679
1645,24.334
1646,24.7894
1647,25.272
1648,25.272
1649,25.7531
1650,25.8119
1651,25.9329
1652,26.4566
1653,26.0824
1654,26.2394
1655,26.7313
1656,26.3305
1657,26.5029
1658,27.2068
1659,27.5766
1660,28.6303
1661,27.9875
1662,27.7378
1663,28.5198
1664,27.54
1665,28.4086
1666,27.3309
1667,27.4587
1668,28.8535
1669,30.0286
1670,28.3482
1671,28.3192
1672,28.2324
1673,27.6463
1674,27.8113
1675,27.7602
1676,27.9433
1677,28.4771
1678,28.8796
1679,27.4928
1680,27.4001
1681,27.4627
1682,27.2991
1683,26.8203
1684,26.8719
1685,26.9263
1686,26.5434
1687,26.3835
1688,26.2641
1689,26.2149
1690,25.794
1691,25.6619
1692,25.4214
1693,25.4797
1694,25.1509
1695,24.6513
1696,24.52
1697,24.3317
1698,23.7194
1699,23.4811
1700,23.0473
1701,22.5903
1702,22.45
1703,22.0785
1704,21.8803
1705,21.3223
1706,22.0543
1707,20.9147
1708,20.969
1709,19.5214
1710,19.8117
1711,19.7044
1712,19.3082
1713,19.5941
1714,19.1321
1715,19.1475
1716,19.2313
1717,19.1663
1718,19.1309
1719,19.0141
1720,18.9808
1721,19.0249
1722,18.967
1723,18.9709
1724,19.061
1725,18.8874
1726,19.1274
1727,19.2254
1728,18.6408
1729,18.7838
1730,18.7155
1731,18.7548
1732,18.7967
1733,18.7202
1734,18.6943
1735,18.7456
1736,19.2147
1737,18.6994
1738,19.2251
1739,18.7686
1740,18.6601
1741,19.1306
1742,18.9017
1743,19.0026
1744,18.934
1745,18.8675
1746,18.721
1747,18.6827
1748,18.8236
1749,18.7454
1750,18.8037
1751,18.9523
1752,18.7808
1753,18.7135
1754,18.6535
1755,19.0796
1756,18.942999999999998
1757,18.7942
1758,18.7159
1759,18.9163
1760,18.8915
1761,19.1699
1762,18.9719
1763,18.9814
1764,18.8824
1765,19.1744
1766,18.9601
1767,18.6943
1768,18.9552
1769,18.6683
1770,19.2365
1771,19.4595
1772,19.0249
1773,18.9379
1774,19.347
1775,19.2579
1776,20.9259
1777,21.0895
1778,22.3065
1779,24.0616
1780,26.5494
1781,25.8648
1782,27.1642
1783,27.2436
1784,26.1815
1785,28.072
1786,26.9493
1787,27.4186
1788,29.4341
1789,31.6453
1790,30.7847
1791,32.148
1792,32.126999999999995
1793,34.819
1794,33.1586
1795,35.0866
1796,37.9906
1797,37.0378
1798,35.6183
1799,36.0511
1800,38.1134
1801,37.5376
1802,37.3357
1803,35.6009
1804,36.0615
1805,38.2971
1806,34.538000000000004
1807,34.9499
1808,36.8612
1809,35.1625
1810,36.0164
1811,35.4353
1812,32.6264
1813,32.3372
1814,32.2539
1815,32.5631
1816,33.1086
1817,32.6035
1818,32.0962
1819,31.9205
1820,31.8756
1821,31.9089
1822,31.8989
1823,31.6039
1824,32.1572
1825,31.4182
1826,32.1167
1827,31.2141
1828,31.1324
1829,31.6976
1830,30.7932
1831,30.1809
1832,30.9568
1833,29.7566
1834,29.541999999999998
1835,29.1893
1836,29.1662
1837,28.7419
1838,28.4823
1839,28.2373
1840,27.9258
1841,27.4331
1842,27.2489
1843,26.8211
1844,26.3423
1845,25.9551
1846,25.4308
1847,25.084
1848,25.1967
1849,24.3768
1850,23.9567
1851,23.9675
1852,23.4633
1853,23.7205
1854,23.7782
1855,23.3689
1856,23.2587
1857,23.309
1858,23.1599
1859,22.6988
1860,22.7561
1861,22.6517
1862,22.3113
1863,22.2311
1864,22.1232
1865,22.1505
1866,21.8975
1867,21.9141
1868,21.7879
1869,21.8416
1870,21.7274
1871,21.2354
1872,19.7093
1873,19.9456
1874,19.1335
1875,19.8002
1876,19.0749
1877,19.0298
1878,19.3087
1879,19.4125
1880,19.0486
1881,18.9847
1882,19.4282
1883,18.9183
1884,19.0536
1885,19.070999999999998
1886,19.237000000000002
1887,19.0966
1888,18.8587
1889,18.7367
1890,18.7388
1891,19.0524
1892,19.0574
1893,18.742
1894,19.1855
1895,18.7637
1896,19.0708
1897,18.8519
1898,18.7713
1899,18.72
1900,18.8331
1901,19.0036
1902,18.7851
1903,18.7143
1904,18.7052
1905,18.6969
1906,18.6816
1907,18.673
1908,18.5891
1909,18.9832
1910,19.0617
1911,18.715999999999998
1912,18.752
1913,19.0694
1914,19.1216
1915,19.1739
1916,19.3536
1917,20.5262
1918,21.8956
1919,21.7439
1920,22.8802
1921,25.6942
1922,24.2829
1923,25.1915
1924,25.7779
1925,28.4937
1926,29.0904
1927,29.8451
1928,30.3589
1929,30.8169
1930,32.6262
1931,33.7214
1932,34.8132
1933,35.0169
1934,35.9275
1935,37.3484
1936,36.9381
1937,38.1539
1938,37.4997
1939,37.5241
1940,38.6369
1941,38.7908
1942,38.5415
1943,38.9499
1944,39.1436
1945,39.1302
1946,38.8917
1947,38.0272
1948,36.9321
1949,37.2108
1950,35.2591
1951,35.7761
1952,35.9143
1953,35.1261
1954,33.8218
1955,34.5278
1956,35.1152
1957,32.9237
1958,33.4285
1959,33.1974
1960,33.9465
1961,33.3975
1962,33.2085
1963,34.6689
1964,34.1825
1965,33.4499
1966,33.128
1967,33.1034
1968,33.1038
1969,33.5109
1970,33.7036
1971,33.0894
1972,33.5115
1973,33.2834
1974,33.8897
1975,33.2711
1976,32.7611
1977,32.7157
1978,32.3102
1979,31.8258
1980,31.9978
1981,32.0652
1982,31.7184
1983,31.2356
1984,31.1554
1985,30.9822
1986,30.2248
1987,29.3622
1988,29.5099
1989,28.6524
1990,28.1384
1991,27.6577
1992,27.4796
1993,26.6922
1994,26.7556
1995,26.5913
1996,25.8142
1997,25.3225
1998,24.9483
1999,24.5127
2000,24.4316
2001,24.0953
2002,23.7483
2003,23.6188
2004,23.3969
2005,23.5834
2006,22.8235
2007,23.2324
2008,23.125999999999998
2009,22.684
2010,23.2004
2011,23.175
2012,23.1534
2013,22.2623
2014,22.3175
2015,22.5739
2016,22.189
2017,23.0056
2018,21.9975
2019,21.9132
2020,22.1555
2021,21.3332
2022,21.3571
2023,21.4395
2024,20.7095
2025,20.5626
2026,20.6345
2027,20.0762
2028,20.3025
2029,18.5867
2030,20.0932
2031,20.0196
2032,20.3015
2033,19.4751
2034,19.0183
2035,19.2176
2036,18.8962
2037,18.9173
2038,19.1422
2039,18.9156
2040,18.8342
2041,19.3802
2042,19.1523
2043,19.0087
2044,19.3573
2045,18.5514
2046,19.2599
2047,18.7864
2048,19.0438
2049,18.727999999999998
2050,18.8082
2051,18.8106
2052,18.2974
2053,18.8098
2054,18.6178
2055,19.385
2056,20.1294
2057,19.4263
2058,19.5411
2059,21.101
2060,21.2892
2061,25.6208
2062,26.2385
2063,24.9811
2064,26.1972
2065,28.0872
2066,28.3352
2067,29.4686
2068,28.8816
2069,30.3525
2070,30.1719
2071,30.2785
2072,31.6948
2073,32.6099
2074,33.9191
2075,33.7165
2076,36.6305
2077,35.751
2078,37.591
2079,38.0745
2080,36.6748
2081,38.1899
2082,39.5998
2083,38.6221
2084,40.0372
2085,38.7948
2086,39.4386
2087,39.114000000000004
2088,38.7696
2089,38.4603
2090,39.0466
2091,38.4756
2092,38.5434
2093,39.4103
2094,37.4018
2095,37.8654
2096,37.3839
2097,34.0286
2098,34.1138
2099,35.0296
2100,35.8492
2101,36.1829
2102,35.0001
2103,33.3746
2104,33.3957
2105,34.0945
2106,33.1567
2107,33.6588
2108,33.4921
2109,33.1611
2110,33.8354
2111,33.1082
2112,32.9816
2113,32.7741
2114,32.7483
2115,32.6172
2116,32.6046
2117,32.4633
2118,32.2795
2119,32.0906
2120,31.8597
2121,31.6674
2122,31.3874
2123,30.9974
2124,30.4407
2125,30.5066
2126,29.4266
2127,29.2434
2128,28.4667
2129,28.2394
2130,27.6611
2131,27.1235
2132,26.526
2133,26.0935
2134,25.897
2135,25.1245
2136,24.897
2137,24.3443
2138,24.3835
2139,23.823
2140,23.435
2141,22.9633
2142,22.594
2143,22.7325
2144,22.395
2145,22.2658
2146,22.404
2147,21.799
2148,21.528000000000002
2149,21.6261
2150,21.5123
2151,21.2735
2152,21.4282
2153,21.6573
2154,21.4071
2155,20.7181
2156,20.3085
2157,20.0586
2158,20.6244
2159,21.1572
2160,20.1079
2161,20.3573
2162,20.04
2163,19.5558
2164,19.4301
2165,19.2501
2166,19.2796
2167,18.6467
2168,19.1342
2169,19.1313
2170,18.7809
2171,19.1054
2172,18.7642
2173,18.6035
2174,18.541
2175,19.1699
2176,19.8114
2177,19.1759
2178,19.1341
2179,18.8997
2180,18.4599
2181,18.5372
2182,19.1011
2183,19.19
2184,19.0613
2185,19.0988
2186,18.5834
2187,18.9275
2188,18.9844
2189,19.017
2190,19.1949
2191,18.5321
2192,18.4573
2193,18.8756
2194,18.8281
2195,19.0187
2196,19.0208
2197,19.0533
2198,19.3003
2199,19.4161
2200,19.1224
2201,19.7904
2202,19.2344
2203,19.3273
2204,19.5534
2205,20.3964
2206,22.5153
2207,20.9498
2208,22.3124
2209,23.9147
2210,25.879
2211,23.0265
2212,24.6772
2213,24.7379
2214,24.5848
2215,25.2173
2216,25.5438
2217,26.2865
2218,27.2571
2219,28.1244
2220,27.155
2221,27.725
2222,29.8173
2223,28.4699
2224,29.351
2225,30.2347
2226,30.0287
2227,31.3201
2228,33.186
2229,33.1625
2230,33.6443
2231,35.4097
2232,35.2687
2233,34.0944
2234,34.3667
2235,37.9573
2236,35.719
2237,35.792
2238,37.3752
2239,36.8603
2240,36.5419
2241,37.3179
2242,38.0063
2243,37.7736
2244,36.2977
2245,37.8841
2246,37.4147
2247,35.7343
2248,34.7197
2249,31.8657
2250,35.2365
2251,33.8893
2252,34.5315
2253,32.0994
2254,31.5655
2255,31.660999999999998
2256,30.8869
2257,30.7245
2258,30.894000000000002
2259,30.7778
2260,30.2698
2261,30.1033
2262,29.9344
2263,29.9578
2264,29.041
2265,28.9906
2266,28.7328
2267,28.6993
2268,28.1478
2269,28.0884
2270,27.8732
2271,27.7074
2272,27.2635
2273,26.9415
2274,26.7905
2275,26.1208
2276,25.4815
2277,25.329
2278,24.8419
2279,24.4136
2280,24.427
2281,24.0414
2282,23.9517
2283,23.5214
2284,23.462
2285,22.7927
2286,23.0385
2287,22.9819
2288,22.4418
2289,22.3429
2290,22.3166
2291,22.3625
2292,22.2131
2293,22.1379
2294,22.25
2295,21.8066
2296,21.9362
2297,21.5588
2298,21.8547
2299,21.8027
2300,21.3477
2301,21.3772
2302,20.4486
2303,20.2936
2304,20.9294
2305,20.0427
2306,20.235
2307,19.8426
2308,19.9779
2309,19.4813
2310,19.5821
2311,19.4922
2312,19.2908
2313,18.8371
2314,18.9558
2315,18.8538
2316,18.7217
2317,19.5076
2318,18.9374
2319,19.116
2320,19.0733
2321,18.664
2322,19.422
2323,18.8323
2324,18.8285
2325,18.9353
2326,18.4604
2327,18.7537
2328,18.9947
2329,18.4291
2330,18.4299
2331,19.1439
2332,18.4287
2333,18.2522
2334,18.6597
2335,18.2611
2336,18.706
2337,18.3002
2338,18.5908
2339,18.8326
2340,18.3923
2341,19.2041
2342,18.9305
2343,18.8093
2344,19.5312
2345,19.7112
2346,20.124000000000002
2347,20.3824
2348,20.0133
2349,21.138
2350,20.0959
2351,20.6245
2352,22.4868
2353,21.6247
2354,22.5322
2355,23.8784
2356,24.1533
2357,24.6168
2358,24.296999999999997
2359,25.5643
2360,24.8592
2361,28.0367
2362,25.8164
2363,28.1215
2364,29.7754
2365,29.165
2366,29.5559
2367,29.1829
2368,29.465
2369,31.0838
2370,31.3495
2371,31.5477
2372,32.4959
2373,31.9182
2374,33.1209
2375,32.3488
2376,31.7759
2377,32.474000000000004
2378,34.201
2379,33.8773
2380,36.2143
2381,35.0416
2382,35.931999999999995
2383,36.7602
2384,37.7014
2385,36.9341
2386,38.2261
2387,37.5935
2388,38.806
2389,35.2967
2390,36.3097
2391,35.2687
2392,36.1795
2393,36.5053
2394,33.3148
2395,32.191
2396,32.705
2397,32.2108
2398,35.2571
2399,32.7558
2400,34.441
2401,32.2664
2402,30.5548
2403,30.361
2404,31.2687
2405,30.4754
2406,27.5453
2407,29.1813
2408,27.8307
2409,27.6821
2410,27.6983
2411,26.9645
2412,26.3337
2413,27.6728
2414,25.0017
2415,25.088
2416,22.3695
2417,22.6861
2418,21.863000000000003
2419,21.9417
2420,21.9489
2421,20.8381
2422,20.5979
2423,20.2911
2424,20.3191
2425,19.7449
2426,19.838
2427,20.1153
2428,19.3081
2429,19.5103
2430,19.7829
2431,19.5506
2432,19.4786
2433,19.3115
2434,19.0851
2435,19.569000000000003
2436,19.7264
2437,19.2019
2438,19.5801
2439,19.5786
2440,19.6719
2441,19.5681
2442,19.5985
2443,19.7127
2444,20.6747
2445,20.7652
2446,19.6855
2447,20.0161
2448,19.7079
2449,20.1318
2450,19.7175
2451,20.1092
2452,19.5162
2453,20.2905
2454,19.5473
2455,20.2236
2456,20.2407
2457,19.7142
2458,20.3629
2459,19.9058
2460,20.1884
2461,20.1261
2462,19.8222
2463,20.3971
2464,19.9885
2465,20.3429
2466,20.1704
2467,19.6906
2468,20.2365
2469,20.7678
2470,20.2504
2471,20.22
2472,20.3329
2473,20.1699
2474,20.3958
2475,20.1695
2476,19.9976
2477,20.1648
2478,20.3386
2479,20.6065
2480,20.4804
2481,20.5476
2482,20.5127
2483,20.5699
2484,20.7132
2485,20.9173
2486,20.9897
2487,20.9946
2488,20.93
2489,20.7528
2490,20.6364
2491,20.7708
2492,20.9697
2493,20.7299
2494,20.6256
2495,20.8617
2496,21.2886
2497,20.9054
2498,21.0214
2499,20.7718
2500,20.8876
2501,20.8148
2502,20.9322
2503,20.7204
2504,20.7641
2505,20.8606
2506,20.8933
2507,20.8562
2508,21.2658
2509,20.9855
2510,21.0032
2511,20.9231
2512,20.8705
2513,20.8329
2514,21.0817
2515,20.8758
2516,20.9725
2517,20.9876
2518,20.9226
2519,20.9131
2520,21.3113
2521,20.9581
2522,21.0574
2523,21.0411
2524,20.9196
2525,20.9358
2526,20.959
2527,20.8978
2528,20.8776
2529,20.9046
2530,20.9051
2531,21.0619
2532,21.0832
2533,20.9288
2534,20.9908
2535,20.9937
2536,21.0669
2537,21.0652
2538,21.0344
2539,21.1246
2540,21.3083
2541,21.345
2542,21.4281
2543,21.303
2544,21.3155
2545,21.5626
2546,21.8624
2547,21.976
2548,22.7738
2549,23.1949
2550,22.6457
2551,22.5965
2552,22.2529
2553,22.2074
2554,22.5866
2555,22.6023
2556,22.1198
2557,23.2429
2558,24.8175
2559,21.7993
2560,21.7974
2561,22.5968
2562,21.1454
2563,21.1885
2564,21.1201
2565,20.9501
2566,20.9373
2567,21.0743
2568,21.0477
2569,21.1414
2570,20.7837
2571,20.7154
2572,20.7644
2573,21.1589
2574,21.2133
2575,20.7762
2576,20.9165
2577,20.791
2578,20.805
2579,20.9453
2580,20.7262
2581,20.7523
2582,20.8949
2583,20.5812
2584,20.4421
2585,20.1595
2586,20.5132
2587,20.5539
2588,20.4603
2589,20.3109
2590,20.3881
2591,20.6244
2592,19.4403
2593,19.2922
2594,19.3687
2595,19.9467
2596,19.3899
2597,18.8507
2598,19.0708
2599,19.0176
2600,19.052
2601,19.0302
2602,19.3582
2603,19.0109
2604,19.2308
2605,18.7612
2606,18.8008
2607,18.6566
2608,18.8181
2609,19.0936
2610,18.8075
2611,19.3024
2612,19.2614
2613,19.0843
2614,18.8063
2615,18.6193
2616,18.6343
2617,18.7444
2618,18.7539
2619,18.8378
2620,18.7929
2621,19.0643
2622,18.8605
2623,18.6573
2624,18.6376
2625,18.8345
2626,18.6185
2627,18.6543
2628,18.5551
2629,18.6185
2630,18.7409
2631,19.2869
2632,18.8435
2633,18.6336
2634,18.9814
2635,18.8614
2636,18.7778
2637,19.1673
2638,18.9587
2639,18.9172
2640,19.5954
2641,19.5587
2642,19.6125
2643,20.4713
2644,20.9714
2645,22.8765
2646,21.5657
2647,22.5192
2648,23.6892
2649,25.6223
2650,26.5119
2651,24.171
2652,26.3548
2653,27.3119
2654,27.162
2655,27.206999999999997
2656,28.11
2657,28.4017
2658,28.9667
2659,29.4659
2660,29.4711
2661,30.7581
2662,29.9282
2663,32.5116
2664,32.3538
2665,34.4065
2666,36.1988
2667,33.5369
2668,35.4129
2669,35.931
2670,34.8963
2671,33.1871
2672,35.7802
2673,31.8972
2674,36.1527
2675,32.7822
2676,32.3465
2677,33.4591
2678,31.2953
2679,32.2563
2680,31.8924
2681,32.2817
2682,31.5422
2683,30.073
2684,30.7668
2685,30.4679
2686,31.1096
2687,30.4487
2688,30.8475
2689,29.6098
2690,30.0132
2691,28.9335
2692,29.2849
2693,28.3061
2694,28.2372
2695,27.7379
2696,27.4261
2697,26.9419
2698,26.6523
2699,26.4837
2700,26.0343
2701,25.7369
2702,25.2846
2703,25.0573
2704,24.5307
2705,24.3146
2706,23.9939
2707,23.8203
2708,23.4864
2709,23.2179
2710,22.6292
2711,22.4988
2712,22.5411
2713,21.9614
2714,22.1799
2715,22.0884
2716,22.1608
2717,22.1367
2718,22.0491
2719,22.0747
2720,21.8546
2721,22.0719
2722,21.883000000000003
2723,21.6825
2724,21.3988
2725,21.397
2726,21.7527
2727,21.541
2728,21.3113
2729,20.7183
2730,20.7719
2731,20.7902
2732,21.1596
2733,21.1247
2734,21.3698
2735,21.3368
2736,19.7222
2737,20.3029
2738,19.4593
2739,19.9294
2740,19.4573
2741,20.0672
2742,19.7349
2743,20.0512
2744,20.1269
2745,20.1151
2746,19.8075
2747,19.4571
2748,19.4335
2749,19.0629
2750,19.2097
2751,19.0884
2752,18.9926
2753,18.9514
2754,19.3724
2755,19.1362
2756,19.0797
2757,19.1648
2758,19.118
2759,18.5465
2760,18.5378
2761,19.1461
2762,19.078
2763,19.0968
2764,18.7423
2765,18.5114
2766,18.6681
2767,18.7357
2768,18.5778
2769,19.2663
2770,19.0024
2771,19.0305
2772,19.3177
2773,19.3253
2774,19.3426
2775,19.8461
2776,19.9812
2777,19.8533
2778,19.2794
2779,19.319000000000003
2780,19.4754
2781,20.1245
2782,20.4452
2783,20.69
2784,20.9293
2785,21.6707
2786,22.7797
2787,24.0364
2788,25.6336
2789,25.0662
2790,24.7642
2791,27.4611
2792,28.5742
2793,27.6498
2794,28.9884
2795,28.8537
2796,29.5855
2797,30.8526
2798,30.2443
2799,30.5441
2800,32.6801
2801,35.6414
2802,36.3273
2803,36.8882
2804,37.2073
2805,36.0492
2806,38.7617
2807,38.181999999999995
2808,39.6013
2809,39.1108
2810,36.0615
2811,38.2504
2812,38.9368
2813,35.2768
2814,38.1004
2815,38.3211
2816,37.3954
2817,36.6777
2818,33.0727
2819,34.0735
2820,34.388000000000005
2821,33.376
2822,34.4667
2823,31.3997
2824,31.3713
2825,32.3888
2826,31.7172
2827,31.2395
2828,31.3149
2829,31.1495
2830,31.7912
2831,31.7757
2832,31.9534
2833,31.0667
2834,31.6972
2835,31.2377
2836,31.0268
2837,31.1649
2838,30.5016
2839,30.1431
2840,30.0809
2841,29.6841
2842,29.9074
2843,29.1079
2844,28.0726
2845,27.11
2846,26.6152
2847,26.7473
2848,25.5853
2849,25.1601
2850,24.4495
2851,24.3759
2852,24.3185
2853,23.6684
2854,23.4282
2855,22.9972
2856,22.5992
2857,22.6647
2858,22.5354
2859,22.2912
2860,22.398000000000003
2861,22.5746
2862,21.6332
2863,21.4568
2864,21.6407
2865,21.5041
2866,21.7412
2867,21.4613
2868,21.6725
2869,21.7737
2870,21.6354
2871,21.3448
2872,21.4736
2873,21.2271
2874,21.2087
2875,20.8583
2876,21.2579
2877,21.0783
2878,20.9612
2879,20.8084
2880,20.1186
2881,19.9093
2882,19.9422
2883,19.8359
2884,20.1677
2885,19.6989
2886,19.5661
2887,19.535999999999998
2888,19.6232
2889,19.6321
2890,19.1975
2891,19.635
2892,19.614
2893,19.5943
2894,19.8779
2895,19.5622
2896,19.1777
2897,19.3215
2898,18.9265
2899,19.2856
2900,19.0882
2901,19.1099
2902,19.0897
2903,19.1903
2904,19.0959
2905,18.7193
2906,19.0364
2907,19.0038
2908,18.8994
2909,18.8332
2910,18.7481
2911,18.8466
2912,18.9432
2913,18.8077
2914,18.6886
2915,18.726
2916,18.7046
2917,18.9992
2918,19.1459
2919,19.1025
2920,18.8197
2921,19.1178
2922,19.0351
2923,19.0843
2924,18.9606
2925,18.8466
2926,19.1759
2927,18.8907
2928,19.2443
2929,19.1446
2930,18.9116
2931,19.1644
2932,19.2264
2933,19.2747
2934,20.3151
2935,19.6981
2936,19.4616
2937,19.9585
2938,20.6438
2939,21.9582
2940,22.5665
2941,23.3198
2942,22.5923
2943,23.8375
2944,23.7652
2945,22.6088
2946,24.1611
2947,22.956
2948,24.3741
2949,23.5957
2950,24.5514
2951,27.3181
2952,26.8195
2953,26.2128
2954,25.1045
2955,27.5464
2956,27.5716
2957,27.6024
2958,26.7393
2959,27.2914
2960,25.7039
2961,26.9653
2962,26.358
2963,27.2066
2964,25.866
2965,26.3432
2966,26.9234
2967,27.75
2968,26.6683
2969,28.0402
2970,27.0873
2971,27.2939
2972,26.9156
2973,27.5581
2974,27.526999999999997
2975,26.6605
2976,26.254
2977,25.7927
2978,26.279
2979,25.8927
2980,25.7038
2981,25.8027
2982,25.2773
2983,24.8199
2984,24.5272
2985,24.5274
2986,23.8999
2987,23.9777
2988,23.2633
2989,23.081999999999997
2990,23.3125
2991,23.236
2992,22.7304
2993,22.5604
2994,22.6032
2995,22.3561
2996,22.1895
2997,22.0122
2998,21.7857
2999,21.5341
3000,21.8002
3001,21.3174
3002,20.4002
3003,21.2849
3004,21.0771
3005,20.9812
3006,20.818
3007,20.9668
3008,20.4366
3009,20.2279
3010,19.9372
3011,19.8676
3012,19.3725
3013,19.5917
3014,19.5986
3015,19.6243
3016,19.5932
3017,19.6605
3018,19.4252
3019,19.9306
3020,19.1661
3021,19.8715
3022,19.3511
3023,19.7202
3024,19.2674
3025,19.227
3026,19.0228
3027,19.133
3028,19.0265
3029,19.2644
3030,19.2139
3031,19.1296
3032,19.5917
3033,19.2975
3034,19.2592
3035,19.4039
3036,19.3056
3037,19.2305
3038,19.6122
3039,19.537
3040,19.5479
3041,19.3155
3042,19.5326
3043,19.480999999999998
3044,19.2703
3045,19.1943
3046,19.3193
3047,19.334
3048,19.2516
3049,19.2257
3050,19.242
3051,19.090999999999998
3052,19.1231
3053,19.1112
3054,19.2942
3055,18.9344
3056,18.9123
3057,18.8837
3058,18.895
3059,18.9434
3060,18.7441
3061,19.2355
3062,18.8583
3063,18.6795
3064,18.8548
3065,19.0569
3066,19.1842
3067,19.2042
3068,20.6023
3069,20.6408
3070,21.5826
3071,24.2098
3072,24.4711
3073,25.1044
3074,26.95
3075,27.0538
3076,27.5601
3077,27.0743
3078,25.694000000000003
3079,27.0441
3080,28.2182
3081,27.4279
3082,28.298000000000002
3083,27.4067
3084,27.6144
3085,27.2066
3086,27.9602
3087,28.6319
3088,29.28
3089,29.9085
3090,28.0735
3091,28.7595
3092,31.5311
3093,30.9112
3094,31.1261
3095,30.1995
3096,32.0235
3097,30.4003
3098,29.9273
3099,31.7176
3100,32.1724
3101,30.0288
3102,31.8581
3103,29.7887
3104,30.430999999999997
3105,28.2275
3106,30.3181
3107,29.0611
3108,28.8031
3109,30.1005
3110,28.8358
3111,29.2783
3112,28.1508
3113,28.9443
3114,28.703000000000003
3115,28.3332
3116,28.3988
3117,28.2697
3118,28.4978
3119,27.8213
3120,27.7217
3121,28.1961
3122,27.8796
3123,27.5199
3124,27.4373
3125,27.4996
3126,26.5624
3127,26.9576
3128,26.5607
3129,26.3755
3130,26.4508
3131,25.8427
3132,25.923000000000002
3133,25.6069
3134,25.2217
3135,24.9187
3136,24.5352
3137,24.0612
3138,23.5815
3139,23.3658
3140,23.2728
3141,22.7411
3142,22.4168
3143,22.1179
3144,22.1303
3145,21.7182
3146,22.2886
3147,21.6684
3148,21.4648
3149,21.3951
3150,21.7889
3151,21.8649
3152,21.1885
3153,21.3041
3154,21.0716
3155,20.0073
3156,20.2521
3157,20.2438
3158,20.0115
3159,19.3222
3160,19.3172
3161,19.3033
3162,19.1032
3163,19.1143
3164,19.2489
3165,19.1724
3166,19.0936
3167,19.1884
3168,18.9548
3169,18.9398
3170,18.9376
3171,18.8067
3172,18.8532
3173,18.8692
3174,18.9297
3175,18.4347
3176,18.8556
3177,18.864
3178,18.893
3179,18.8618
3180,18.4981
3181,18.92
3182,18.9441
3183,18.8665
3184,18.9072
3185,18.8045
3186,18.8696
3187,18.8471
3188,18.7576
3189,18.6393
3190,18.680999999999997
3191,18.6093
3192,18.6176
3193,19.1395
3194,18.7195
3195,18.8153
3196,19.0793
3197,18.6466
3198,18.815
3199,18.76
3200,19.0333
3201,18.7933
3202,18.9781
3203,18.9297
3204,18.7446
3205,18.7085
3206,18.6028
3207,18.8404
3208,18.4944
3209,18.9338
3210,19.0111
3211,19.187
3212,19.1701
3213,19.3244
3214,19.3521
3215,19.438
3216,19.3923
3217,19.2294
3218,19.4231
3219,19.9706
3220,20.8139
3221,23.6575
3222,22.846999999999998
3223,24.9089
3224,26.8444
3225,25.9529
3226,27.175
3227,28.3104
3228,28.8934
3229,27.6681
3230,26.7841
3231,27.1587
3232,26.9166
3233,27.0627
3234,29.2387
3235,29.6267
3236,29.522
3237,29.0828
3238,27.9858
3239,30.3812
3240,29.1443
3241,30.1832
3242,31.0264
3243,29.7911
3244,30.0372
3245,31.1932
3246,30.9325
3247,30.0731
3248,32.9234
3249,31.7391
3250,32.2156
3251,30.0724
3252,30.2037
3253,30.4266
3254,30.2135
3255,30.0067
3256,30.8306
3257,29.9969
3258,30.4032
3259,29.469
3260,29.3463
3261,30.0538
3262,30.826999999999998
3263,30.3116
3264,29.5287
3265,29.8844
3266,29.21
3267,29.5509
3268,28.9994
3269,28.9764
3270,29.065
3271,29.1728
3272,28.2662
3273,28.1422
3274,28.1147
3275,27.9884
3276,27.1467
3277,26.9694
3278,26.2361
3279,26.0663
3280,25.7132
3281,25.4463
3282,25.0817
3283,24.6198
3284,24.0329
3285,23.6266
3286,23.2664
3287,23.048000000000002
3288,22.9947
3289,22.5912
3290,22.4958
3291,22.397
3292,21.4005
3293,21.8603
3294,20.8504
3295,21.643
3296,22.026
3297,21.6204
3298,21.5317
3299,21.2705
3300,20.9307
3301,20.4288
3302,21.4528
3303,21.8412
3304,21.0693
3305,20.9666
3306,21.3296
3307,20.5478
3308,20.8394
3309,20.4721
3310,20.5473
3311,20.1119
3312,18.9551
3313,19.1056
3314,19.3382
3315,19.0514
3316,19.0788
3317,19.1867
3318,19.0657
3319,19.2434
3320,18.9167
3321,19.037
3322,18.7792
3323,18.4196
3324,18.804000000000002
3325,19.0374
3326,18.9362
3327,19.0492
3328,19.0868
3329,18.9061
3330,18.741
3331,19.0446
3332,18.7365
3333,19.0113
3334,18.9629
3335,18.6983
3336,18.6761
3337,18.7765
3338,18.8331
3339,18.8611
3340,18.7766
3341,19.0341
3342,18.7486
3343,18.8744
3344,18.8116
3345,18.8775
3346,19.2488
3347,18.8252
3348,19.058
3349,19.2007
3350,18.8364
3351,19.349
3352,18.8544
3353,19.3511
3354,19.3618
3355,19.4787
3356,18.979
3357,20.4166
3358,20.6678
3359,20.5699
3360,24.2997
3361,26.4372
3362,26.7582
3363,27.1161
3364,28.1954
3365,28.7153
3366,24.7112
3367,27.9335
3368,29.5052
3369,29.0543
3370,29.3701
3371,28.0146
3372,28.9747
3373,31.3373
3374,29.5057
3375,31.5981
3376,32.1829
3377,33.1707
3378,34.6907
3379,34.619
3380,35.2548
3381,36.2554
3382,36.9312
3383,37.3051
3384,37.3951
3385,38.5916
3386,37.0757
3387,40.0662
3388,38.3382
3389,37.5003
3390,37.7118
3391,36.1621
3392,38.0663
3393,33.7148
3394,34.6876
3395,36.141
3396,36.8473
3397,39.0807
3398,33.5841
3399,36.7363
3400,33.8228
3401,33.6069
3402,32.7112
3403,32.4247
3404,32.3425
3405,32.2287
3406,31.9937
3407,31.9136
3408,31.8293
3409,31.9067
3410,32.2256
3411,31.5389
3412,31.2938
3413,31.2964
3414,31.0557
3415,30.8329
3416,30.7039
3417,30.266
3418,29.7551
3419,29.4348
3420,29.1075
3421,28.8323
3422,28.5625
3423,28.1271
3424,27.906999999999996
3425,27.5811
3426,27.3296
3427,26.6487
3428,26.3264
3429,26.1286
3430,25.9559
3431,25.4674
3432,25.3106
3433,25.0317
3434,25.0536
3435,24.6962
3436,24.6166
3437,24.0916
3438,23.8636
3439,24.0988
3440,23.4984
3441,23.8559
3442,23.4999
3443,23.5373
3444,23.1612
3445,23.0094
3446,23.0951
3447,22.7506
3448,22.9233
3449,22.6854
3450,22.5955
3451,22.4961
3452,22.3545
3453,22.3132
3454,22.4747
3455,22.4421
3456,23.0376
3457,22.7421
3458,21.8697
3459,21.7301
3460,21.7511
3461,21.9211
3462,21.1088
3463,21.3544
3464,21.4569
3465,20.9562
3466,20.5604
3467,20.4367
3468,20.2328
3469,20.7037
3470,20.8062
3471,20.3861
3472,20.541
3473,20.5084
3474,19.8449
3475,19.8784
3476,20.4181
3477,20.4467
3478,19.5787
3479,19.7602
3480,19.3138
3481,19.374000000000002
3482,20.3035
3483,19.406
3484,19.3589
3485,19.1629
3486,19.2314
3487,20.46
3488,19.5778
3489,18.7465
3490,19.9641
3491,19.3664
3492,19.5037
3493,18.9234
3494,19.6667
3495,19.8006
3496,20.4652
3497,20.5574
3498,19.968
3499,19.9958
3500,20.0383
3501,20.6626
3502,20.4295
3503,20.5245
3504,20.6599
3505,21.0163
3506,20.82
3507,21.0227
3508,21.4619
3509,22.1152
3510,22.4979
3511,22.7595
3512,23.3798
3513,23.456
3514,24.5407
3515,24.8696
3516,25.6039
3517,27.1174
3518,28.1331
3519,28.0588
3520,29.0304
3521,29.4467
3522,29.4775
3523,30.9914
3524,31.1609
3525,31.1681
3526,31.7312
3527,33.7116
3528,31.8006
3529,35.3282
3530,35.4762
3531,36.4968
3532,36.1533
3533,37.1298
3534,36.2591
3535,35.1302
3536,36.8125
3537,35.5254
3538,35.5412
3539,36.8385
3540,36.0168
3541,37.4605
3542,36.2964
3543,37.4485
3544,37.72
3545,36.7591
3546,36.8876
3547,36.2982
3548,36.0243
3549,35.8722
3550,35.7779
3551,33.894
3552,31.6659
3553,33.9938
3554,33.2149
3555,33.7849
3556,34.849000000000004
3557,33.8261
3558,33.2928
3559,31.2489
3560,30.7269
3561,30.7573
3562,33.1558
3563,30.0659
3564,30.9233
3565,29.9841
3566,29.2282
3567,27.5454
3568,29.1354
3569,28.995
3570,26.8997
3571,27.9318
3572,26.443
3573,26.6149
3574,24.5074
3575,23.8517
3576,22.5493
3577,22.363000000000003
3578,22.3476
3579,22.1717
3580,22.4569
3581,22.1175
3582,21.4896
3583,21.3475
3584,21.2451
3585,21.5106
3586,21.2359
3587,21.4454
3588,21.3149
3589,21.4947
3590,21.3014
3591,21.1659
3592,20.9675
3593,20.9478
3594,21.3168
3595,20.9915
3596,20.6594
3597,20.2821
3598,20.9557
3599,20.6935
3600,20.5232
3601,20.1043
3602,20.073
3603,20.4272
3604,20.7076
3605,20.6451
3606,20.302
3607,19.5443
3608,19.7591
3609,19.5549
3610,20.8518
3611,19.5545
3612,19.708
3613,19.7417
3614,20.0753
3615,20.0849
3616,19.6017
3617,19.7831
3618,19.4548
3619,20.1868
3620,19.7474
3621,19.4701
3622,19.3307
3623,20.2047
3624,19.8785
3625,19.6061
3626,19.2608
3627,19.6994
3628,19.6891
3629,19.3291
3630,19.329
3631,19.1506
3632,19.1947
3633,19.3005
3634,19.2615
3635,19.1728
3636,19.2857
3637,19.2811
3638,19.5941
3639,20.0931
3640,19.3819
3641,19.9689
3642,20.2873
3643,20.7628
3644,21.2225
3645,21.9872
3646,22.0141
3647,23.0684
3648,25.865
3649,28.1853
3650,27.1311
3651,28.4654
3652,30.2678
3653,29.0839
3654,32.9
3655,34.538000000000004
3656,34.8873
3657,35.3768
3658,36.548
3659,36.2624
3660,36.4543
3661,37.3588
3662,37.6106
3663,37.6239
3664,37.5619
3665,37.2821
3666,37.7759
3667,37.8691
3668,37.0202
3669,35.8705
3670,36.7211
3671,35.0487
3672,38.2586
3673,33.4443
3674,34.4992
3675,35.4478
3676,32.5984
3677,32.7217
3678,32.6865
3679,32.105
3680,32.4881
3681,32.0674
3682,32.0714
3683,31.9818
3684,31.8606
3685,31.6849
3686,31.885
3687,31.9592
3688,31.7398
3689,31.096999999999998
3690,30.9394
3691,31.3051
3692,31.1612
3693,30.9078
3694,30.9315
3695,30.8132
3696,30.8977
3697,30.1698
3698,29.7985
3699,29.956999999999997
3700,29.5241
3701,29.2566
3702,29.1125
3703,29.191
3704,28.8749
3705,28.5875
3706,28.3629
3707,28.1975
3708,27.9984
3709,27.6583
3710,27.2841
3711,27.2143
3712,26.9787
3713,26.5828
3714,26.1996
3715,25.6441
3716,25.5751
3717,25.3018
3718,25.3919
3719,24.9871
3720,24.9689
3721,24.7738
3722,24.6801
3723,24.2637
3724,24.2004
3725,23.9241
3726,23.6094
3727,23.7945
3728,23.7443
3729,23.5453
3730,23.2721
3731,22.9016
3732,22.855
3733,22.6512
3734,23.0269
3735,22.4393
3736,22.2799
3737,22.5333
3738,22.2913
3739,22.1872
3740,21.7472
3741,21.9062
3742,21.7331
3743,21.6397
3744,19.8237
3745,20.0846
3746,20.3842
3747,20.4347
3748,19.4859
3749,19.8585
3750,19.5563
3751,19.5161
3752,19.4134
3753,19.5266
3754,19.3546
3755,19.3509
3756,19.5974
3757,19.1981
3758,19.0547
3759,19.1378
3760,19.3664
3761,19.2408
3762,19.1501
3763,19.0951
3764,18.9688
3765,18.9206
3766,19.0745
3767,18.9655
3768,19.0083
3769,19.485
3770,20.0582
3771,18.8866
3772,18.9762
3773,19.0307
3774,19.0087
3775,18.9326
3776,19.1431
3777,18.9784
3778,19.0492
3779,18.869
3780,18.8053
3781,18.8041
3782,18.9259
3783,19.3608
3784,18.964000000000002
3785,19.0898
3786,19.1356
3787,19.1877
3788,19.249000000000002
3789,19.3217
3790,19.6098
3791,20.2562
3792,21.9802
3793,21.6771
3794,22.432
3795,22.6064
3796,24.3717
3797,23.9287
3798,23.5415
3799,26.7507
3800,25.1887
3801,27.3814
3802,27.7772
3803,28.0028
3804,28.5587
3805,30.2011
3806,28.7694
3807,29.8448
3808,31.5291
3809,33.3544
3810,32.3228
3811,34.4731
3812,34.4135
3813,34.4562
3814,35.1544
3815,35.4226
3816,37.0335
3817,35.3507
3818,36.7108
3819,36.556
3820,37.0156
3821,34.2609
3822,32.315
3823,35.6448
3824,32.6983
3825,32.7548
3826,32.9984
3827,31.6986
3828,31.6724
3829,32.0129
3830,30.9875
3831,30.4323
3832,30.4108
3833,30.4845
3834,30.0845
3835,30.171
3836,30.2879
3837,29.9313
3838,30.1254
3839,30.1694
3840,29.2161
3841,29.7961
3842,29.6749
3843,29.2676
3844,29.261
3845,29.0002
3846,28.5368
3847,28.5397
3848,28.1439
3849,28.0408
3850,27.8106
3851,27.5767
3852,27.1276
3853,26.8434
3854,26.3942
3855,25.9568
3856,25.6035
3857,25.2782
3858,25.1542
3859,25.0635
3860,24.6269
3861,24.3968
3862,24.1818
3863,23.2379
3864,23.2731
3865,23.2565
3866,23.0063
3867,22.7984
3868,22.5091
3869,22.4858
3870,22.4627
3871,22.2455
3872,22.0614
3873,21.1209
3874,21.5863
3875,21.5793
3876,21.6738
3877,21.4927
3878,21.1525
3879,21.1766
3880,21.069000000000003
3881,21.0344
3882,20.9808
3883,20.5321
3884,20.2841
3885,21.0283
3886,19.9048
3887,20.3327
3888,20.3592
3889,19.625999999999998
3890,19.5943
3891,19.4044
3892,19.6158
3893,19.4921
3894,19.5753
3895,19.4226
3896,19.5395
3897,19.4782
3898,19.2866
3899,19.9967
3900,19.4855
3901,19.4839
3902,19.3595
3903,19.3319
3904,19.4724
3905,19.4519
3906,19.2122
3907,19.1131
3908,19.32
3909,19.2975
3910,19.0567
3911,18.8197
3912,18.9264
3913,18.7704
3914,18.9046
3915,18.9721
3916,19.1378
3917,18.7877
3918,18.5979
3919,19.0274
3920,18.7664
3921,19.1941
3922,19.2771
3923,18.9008
3924,19.2841
3925,19.3446
3926,19.4171
3927,19.1792
3928,19.3746
3929,19.7448
3930,19.8759
3931,19.2111
3932,20.9796
3933,21.8819
3934,22.4757
3935,24.5973
3936,24.3455
3937,23.8622
3938,24.5377
3939,25.4196
3940,26.2953
3941,26.5308
3942,26.3116
3943,25.9708
3944,26.7682
3945,26.4238
3946,26.9703
3947,27.0541
3948,27.4008
3949,27.7086
3950,28.3461
3951,27.8689
3952,27.5383
3953,27.8336
3954,28.7702
3955,28.1187
3956,28.5056
3957,29.1077
3958,29.1583
3959,29.4876
3960,29.2514
3961,29.7754
3962,29.3751
3963,30.247
3964,29.840999999999998
3965,29.9219
3966,30.7944
3967,29.6359
3968,31.1881
3969,28.7743
3970,29.839000000000002
3971,29.4193
3972,28.6077
3973,29.5736
3974,28.8732
3975,30.2942
3976,29.5857
3977,28.5407
3978,28.4996
3979,28.6645
3980,27.921
3981,28.7269
3982,28.872
3983,28.2498
3984,27.8797
3985,28.0184
3986,28.5492
3987,27.8246
3988,27.4745
3989,27.4836
3990,27.6706
3991,27.4735
3992,27.3348
3993,27.2919
3994,27.2512
3995,27.0164
3996,26.6254
3997,26.5821
3998,26.0883
3999,25.818
4000,25.1347
4001,24.728
4002,24.5771
4003,24.1933
4004,24.1523
4005,23.9933
4006,23.7779
4007,23.6169
4008,23.2785
4009,23.0423
4010,22.6053
4011,22.5092
4012,22.5829
4013,22.6129
4014,22.1095
4015,22.1118
4016,21.8978
4017,21.7856
4018,21.6709
4019,21.8077
4020,21.7474
4021,21.6282
4022,21.2245
4023,21.2302
4024,21.2319
4025,21.2154
4026,21.2667
4027,20.7414
4028,20.4245
4029,20.8371
4030,19.791
4031,19.6537
4032,20.2565
4033,19.9739
4034,19.7326
4035,19.4973
4036,19.3923
4037,19.4461
4038,19.3173
4039,19.3183
4040,19.1054
4041,19.2253
4042,19.6578
4043,19.1654
4044,19.1346
4045,18.9471
4046,19.1141
4047,19.1515
4048,19.0939
4049,19.1571
4050,18.8851
4051,19.0163
4052,18.845
4053,18.6854
4054,18.4075
4055,18.3921
4056,18.7493
4057,18.8913
4058,18.7408
4059,18.7655
4060,18.7494
4061,18.68
4062,18.6702
4063,18.4274
4064,18.4848
4065,18.8561
4066,19.3808
4067,19.3541
4068,19.3678
4069,18.8809
4070,18.8035
4071,18.9489
4072,18.9779
4073,18.9846
4074,18.6439
4075,19.2964
4076,19.2226
4077,19.8402
4078,20.1283
4079,20.5237
4080,21.7637
4081,25.8248
4082,23.8789
4083,23.384
4084,26.0619
4085,26.7972
4086,25.5006
4087,26.206999999999997
4088,25.7481
4089,27.6122
4090,27.8788
4091,28.1615
4092,28.9922
4093,26.7983
4094,27.1348
4095,28.4748
4096,27.9761
4097,28.0812
4098,29.9757
4099,29.0725
4100,29.1105
4101,29.1807
4102,29.0287
4103,30.1223
4104,29.131999999999998
4105,29.7868
4106,29.9178
4107,28.7832
4108,29.1274
4109,29.3351
4110,28.658
4111,28.6519
4112,28.6529
4113,28.4612
4114,28.2699
4115,27.3052
4116,26.855999999999998
4117,26.7149
4118,26.9517
4119,26.8801
4120,26.5085
4121,26.7131
4122,25.8812
4123,25.8508
4124,26.3193
4125,25.6189
4126,25.8453
4127,24.9396
4128,25.2018
4129,25.0603
4130,24.3719
4131,24.7456
4132,25.1171
4133,25.1481
4134,25.0651
4135,24.8827
4136,24.7708
4137,24.7554
4138,24.3593
4139,24.3495
4140,23.9214
4141,23.7623
4142,23.6801
4143,23.2732
4144,23.6988
4145,23.4069
4146,23.3512
4147,22.9841
4148,22.8992
4149,22.4007
4150,22.2435
4151,21.4649
4152,21.5228
4153,21.1238
4154,21.2995
4155,20.9993
4156,20.669
4157,20.8747
4158,20.5928
4159,20.6893
4160,20.9201
4161,20.8696
4162,20.8841
4163,20.7384
4164,20.6581
4165,20.5865
4166,20.546
4167,19.6357
4168,19.7195
4169,19.4276
4170,19.5695
4171,19.2552
4172,19.58
4173,20.0602
4174,20.1447
4175,19.9138
4176,20.2684
4177,19.7722
4178,20.4826
4179,20.0418
4180,20.2231
4181,20.2575
4182,20.1398
4183,19.6584
4184,19.757
4185,20.0552
4186,19.9753
4187,19.9925
4188,19.7299
4189,19.7022
4190,20.0846
4191,19.7233
4192,20.314
4193,19.8303
4194,19.2027
4195,19.3203
4196,19.5077
4197,19.4661
4198,19.3043
4199,19.7277
4200,19.0695
4201,19.8779
4202,19.0825
4203,18.516
4204,19.3582
4205,19.1784
4206,19.0993
4207,19.6622
4208,19.105999999999998
4209,19.641
4210,19.1716
4211,19.9837
4212,19.3599
4213,20.1277
4214,20.2866
4215,19.7837
4216,20.3724
4217,19.434
4218,20.3312
4219,20.372
4220,20.4982
4221,20.5975
4222,20.7443
4223,20.4791
4224,20.8096
4225,20.9727
4226,20.7159
4227,21.6534
4228,21.5028
4229,21.7514
4230,22.7463
4231,22.7827
4232,22.389
4233,23.846999999999998
4234,22.5556
4235,22.9102
4236,24.5394
4237,24.7469
4238,24.9732
4239,24.268
4240,28.4529
4241,26.5684
4242,26.2874
4243,26.9265
4244,28.3248
4245,27.3896
4246,27.4118
4247,28.1346
4248,28.985
4249,29.4491
4250,29.0844
4251,29.8469
4252,30.1502
4253,31.2158
4254,31.7935
4255,32.0741
4256,34.4837
4257,34.9929
4258,33.5692
4259,34.49
4260,34.3092
4261,34.8318
4262,35.238
4263,37.1271
4264,34.5528
4265,36.5817
4266,34.848
4267,36.5579
4268,38.2981
4269,37.7855
4270,36.6544
4271,36.4619
4272,35.3142
4273,37.2494
4274,36.5778
4275,37.8636
4276,35.6827
4277,36.1574
4278,36.2322
4279,35.2286
4280,35.5668
4281,36.1862
4282,33.6025
4283,34.5244
4284,35.1014
4285,33.0533
4286,30.1749
4287,29.2058
4288,29.8231
4289,28.8191
4290,27.0685
4291,26.589000000000002
4292,26.1102
4293,25.9283
4294,26.0422
4295,25.0797
4296,24.5404
4297,24.8098
4298,23.7437
4299,23.3361
4300,23.0995
4301,22.4109
4302,21.9699
4303,22.1328
4304,21.7731
4305,21.7256
4306,21.6911
4307,21.5297
4308,21.4011
4309,21.2481
4310,21.221999999999998
4311,21.2135
4312,21.0369
4313,20.8389
4314,20.7521
4315,20.3687
4316,20.4979
4317,20.329
4318,20.3912
4319,20.7533
4320,20.5
4321,20.5
4322,20.5
4323,20.5
4324,20.5
4325,20.5
4326,20.5
4327,20.5
4328,20.5
4329,20.5
4330,20.5
4331,20.5
4332,20.5
4333,20.5
4334,20.5
4335,20.5
4336,20.0
4337,20.0
4338,20.0
4339,19.5
4340,19.0
4341,19.0
4342,19.0
4343,19.0
4344,19.0
4345,19.0
4346,19.0
4347,19.0
4348,19.0
4349,19.0
4350,19.0
4351,19.0
4352,18.5
4353,18.5
4354,19.0
4355,19.0
4356,19.5
4357,19.5
4358,20.0
4359,20.0
4360,20.5
4361,20.5
4362,21.0
4363,21.5
4364,22.0
4365,23.5
4366,24.5
4367,25.5
4368,27.0
4369,28.5
4370,28.0
4371,27.0
4372,26.0
4373,25.5
4374,25.5
4375,25.0
4376,25.5
4377,25.5
4378,25.5
4379,26.0
4380,26.0
4381,27.0
4382,27.5
4383,27.5
4384,28.5
4385,30.0
4386,29.5
4387,29.5
4388,29.0
4389,30.5
4390,33.5
4391,35.5
4392,35.0
4393,36.0
4394,37.0
4395,37.5
4396,38.0
4397,37.0
4398,37.5
4399,37.0
4400,36.5
4401,36.0
4402,35.5
4403,36.0
4404,36.5
4405,37.0
4406,35.5
4407,33.5
4408,32.5
4409,32.0
4410,31.5
4411,31.5
4412,31.0
4413,31.0
4414,31.0
4415,31.5
4416,31.5
4417,31.5
4418,31.5
4419,31.5
4420,31.5
4421,31.0
4422,30.5
4423,30.5
4424,30.0
4425,30.0
4426,29.5
4427,29.5
4428,29.0
4429,28.5
4430,28.5
4431,28.5
4432,28.0
4433,28.0
4434,27.5
4435,27.5
4436,27.0
4437,26.5
4438,26.5
4439,26.0
4440,25.5
4441,25.5
4442,25.0
4443,25.0
4444,24.5
4445,24.5
4446,24.5
4447,24.0
4448,24.0
4449,23.5
4450,23.5
4451,23.0
4452,23.0
4453,23.0
4454,22.5
4455,22.5
4456,22.5
4457,22.5
4458,22.5
4459,22.0
4460,22.0
4461,22.0
4462,22.0
4463,22.0
4464,22.0
4465,22.0
4466,22.0
4467,21.5
4468,21.5
4469,21.5
4470,21.5
4471,21.0
4472,21.0
4473,21.0
4474,21.0
4475,21.0
4476,21.0
4477,21.0
4478,21.0
4479,21.0
4480,21.0
4481,21.0
4482,21.0
4483,21.0
4484,21.0
4485,21.0
4486,21.0
4487,21.0
4488,20.5
4489,20.5
4490,20.5
4491,20.0
4492,20.0
4493,19.5
4494,19.5
4495,19.5
4496,20.0
4497,20.0
4498,20.0
4499,20.5
4500,20.5
4501,20.5
4502,21.0
4503,21.0
4504,21.5
4505,21.5
4506,22.0
4507,22.0
4508,22.5
4509,23.0
4510,23.5
4511,24.0
4512,24.0
4513,24.5
4514,25.0
4515,26.0
4516,28.0
4517,29.0
4518,30.0
4519,31.5
4520,30.5
4521,30.0
4522,32.0
4523,34.5
4524,34.5
4525,33.5
4526,32.5
4527,32.5
4528,34.0
4529,35.0
4530,37.0
4531,37.5
4532,38.5
4533,39.5
4534,38.0
4535,39.0
4536,40.5
4537,41.0
4538,40.0
4539,40.0
4540,39.5
4541,38.5
4542,39.0
4543,38.5
4544,38.5
4545,39.0
4546,39.0
4547,39.0
4548,38.5
4549,38.5
4550,36.5
4551,34.5
4552,33.0
4553,32.5
4554,32.0
4555,32.0
4556,31.5
4557,31.5
4558,31.5
4559,31.5
4560,31.5
4561,31.5
4562,31.5
4563,31.5
4564,31.5
4565,31.0
4566,31.0
4567,31.0
4568,30.5
4569,30.0
4570,29.5
4571,29.0
4572,29.0
4573,28.5
4574,28.0
4575,27.5
4576,27.5
4577,27.0
4578,26.5
4579,26.0
4580,26.0
4581,25.5
4582,25.0
4583,25.0
4584,24.5
4585,24.5
4586,24.0
4587,24.0
4588,24.0
4589,23.5
4590,23.5
4591,23.5
4592,23.0
4593,23.0
4594,23.0
4595,22.5
4596,22.5
4597,22.5
4598,22.0
4599,22.0
4600,22.0
4601,22.0
4602,22.0
4603,22.0
4604,21.5
4605,21.5
4606,21.5
4607,21.5
4608,21.5
4609,21.5
4610,21.5
4611,21.0
4612,21.0
4613,21.0
4614,21.0
4615,20.5
4616,20.5
4617,20.5
4618,20.5
4619,20.5
4620,20.5
4621,20.5
4622,20.5
4623,20.5
4624,20.5
4625,20.5
4626,20.5
4627,21.0
4628,21.0
4629,21.0
4630,20.5
4631,20.5
4632,20.5
4633,20.5
4634,20.5
4635,20.0
4636,20.0
4637,20.0
4638,19.5
4639,19.5
4640,19.5
4641,19.5
4642,19.0
4643,19.0
4644,19.5
4645,19.5
4646,19.5
4647,20.0
4648,20.5
4649,21.0
4650,21.0
4651,22.0
4652,22.5
4653,23.5
4654,24.0
4655,25.0
4656,25.5
4657,26.5
4658,28.0
4659,28.5
4660,29.0
4661,30.0
4662,31.0
4663,31.5
4664,31.0
4665,30.5
4666,30.0
4667,30.0
4668,32.5
4669,34.0
4670,33.5
4671,33.5
4672,34.5
4673,36.0
4674,37.5
4675,39.0
4676,40.0
4677,40.5
4678,41.0
4679,41.5
4680,41.0
4681,41.0
4682,40.0
4683,40.0
4684,40.0
4685,39.0
4686,38.0
4687,38.0
4688,38.5
4689,38.5
4690,37.0
4691,37.5
4692,36.0
4693,34.5
4694,34.0
4695,34.0
4696,33.5
4697,33.5
4698,33.5
4699,33.0
4700,33.0
4701,33.0
4702,33.0
4703,33.0
4704,32.5
4705,32.5
4706,32.5
4707,32.5
4708,32.5
4709,32.5
4710,32.0
4711,31.5
4712,30.5
4713,29.5
4714,29.0
4715,28.5
4716,28.0
4717,28.0
4718,27.5
4719,27.5
4720,27.0
4721,26.5
4722,26.0
4723,25.5
4724,25.5
4725,25.0
4726,24.5
4727,24.5
4728,24.0
4729,24.0
4730,23.5
4731,23.5
4732,23.0
4733,23.0
4734,23.0
4735,23.0
4736,23.0
4737,23.0
4738,23.0
4739,23.0
4740,23.0
4741,22.5
4742,22.5
4743,22.0
4744,22.0
4745,22.0
4746,22.0
4747,21.5
4748,21.5
4749,21.5
4750,21.5
4751,21.0
